opened_at,closed_at,hold_sec,symbol,mint,gmgn_url,entry_sol,exit_sol,pnl_sol,pnl_pct,entry_mcap_sol,exit_mcap_sol,exit_reason,is_reentry,reentry_num,passed_quick_stop,passed_momentum
2026-03-09T18:03:40.731458+00:00,2026-03-09T18:03:49.954164+00:00,9.2,Heliopolis,2ANZxmAprktvPh6toAHbhXpdpUqDiBy7FDMYnsULpump,https://gmgn.ai/sol/token/2ANZxmAprktvPh6toAHbhXpdpUqDiBy7FDMYnsULpump,0.3,0.293025,-0.006975,-2.33,31.0307,30.7204,QUICK_STOP_8s,False,0,False,False
2026-03-09T18:04:11.559720+00:00,2026-03-09T18:04:20.016205+00:00,8.5,Heliopolis,6fyWBPXFLz6FNjucAhf29bJS5AfENqNJhgYM8HeBpump,https://gmgn.ai/sol/token/6fyWBPXFLz6FNjucAhf29bJS5AfENqNJhgYM8HeBpump,0.3,0.293025,-0.006975,-2.33,28.7121,28.425,QUICK_STOP_8s,False,0,False,False
2026-03-09T18:04:11.649427+00:00,2026-03-09T18:04:20.020823+00:00,8.4,Heliopolis,DEbSy4NNCmtN2jx3jYufLE8itXjqXMGbf3S7JKNyeP45,https://gmgn.ai/sol/token/DEbSy4NNCmtN2jx3jYufLE8itXjqXMGbf3S7JKNyeP45,0.3,0.293025,-0.006975,-2.33,36.6092,36.2431,QUICK_STOP_8s,False,0,False,False
2026-03-09T18:05:10.081084+00:00,2026-03-09T18:05:18.930929+00:00,8.8,Heliopolis,4VxZXPDNQYwQADN9EX3wCQ9tRy7DjLsmNor4qYrypump,https://gmgn.ai/sol/token/4VxZXPDNQYwQADN9EX3wCQ9tRy7DjLsmNor4qYrypump,0.3,0.295995,-0.004005,-1.33,32.1717,32.1717,QUICK_STOP_8s,False,0,False,False
2026-03-09T18:05:10.081215+00:00,2026-03-09T18:05:18.941310+00:00,8.9,Heliopolis,4RR7PTVLfoBGytp3QoS1D7QpbqkDjDVixXHTeL13pump,https://gmgn.ai/sol/token/4RR7PTVLfoBGytp3QoS1D7QpbqkDjDVixXHTeL13pump,0.3,0.295995,-0.004005,-1.33,32.3232,32.3232,QUICK_STOP_8s,False,0,False,False
2026-03-09T18:05:21.979536+00:00,2026-03-09T18:05:30.956043+00:00,9.0,Heliopolis,76KEDKAGHxjTr7RHXwDqfmDiinJFGLFPJsGaLB3zpump,https://gmgn.ai/sol/token/76KEDKAGHxjTr7RHXwDqfmDiinJFGLFPJsGaLB3zpump,0.3,0.293025,-0.006975,-2.33,28.3219,28.0386,QUICK_STOP_8s,False,0,False,False
2026-03-09T18:05:21.979650+00:00,2026-03-09T18:05:30.959681+00:00,9.0,Heliopolis,tth3vp54RKffvwJZY8UxF3CRTjJKBqpKMJgtNBrkmHP,https://gmgn.ai/sol/token/tth3vp54RKffvwJZY8UxF3CRTjJKBqpKMJgtNBrkmHP,0.3,0.295995,-0.004005,-1.33,33.3333,33.3333,QUICK_STOP_8s,False,0,False,False
2026-03-09T18:05:43.141660+00:00,2026-03-09T18:05:51.390318+00:00,8.2,Heliopolis,4SzKMaKVwnXQgRQoc8rAPjxkQ3dT44Yzhs4S5iQrpump,https://gmgn.ai/sol/token/4SzKMaKVwnXQgRQoc8rAPjxkQ3dT44Yzhs4S5iQrpump,0.3,0.295995,-0.004005,-1.33,33.3333,33.3333,QUICK_STOP_8s,False,0,False,False
2026-03-09T18:05:43.141783+00:00,2026-03-09T18:05:51.393382+00:00,8.3,Heliopolis,4bay7YDruEHn6hX321E167ajKEKqxwdGen347Ubwpump,https://gmgn.ai/sol/token/4bay7YDruEHn6hX321E167ajKEKqxwdGen347Ubwpump,0.3,0.295995,-0.004005,-1.33,32.1717,32.1717,QUICK_STOP_8s,False,0,False,False
2026-03-09T18:06:13.443222+00:00,2026-03-09T18:06:23.432081+00:00,10.0,Heliopolis,B44fkumHYEWa1Rz3D82h4H4toW6vkCZSeb45bc28pump,https://gmgn.ai/sol/token/B44fkumHYEWa1Rz3D82h4H4toW6vkCZSeb45bc28pump,0.3,0.295995,-0.004005,-1.33,35.2424,35.2424,QUICK_STOP_8s,False,0,False,False
2026-03-09T18:06:13.443368+00:00,2026-03-09T18:06:39.445569+00:00,26.0,Heliopolis,9CwRA8bqCtZbXRGKSXZq5t9KKJPx8JME2fmDdssBpump,https://gmgn.ai/sol/token/9CwRA8bqCtZbXRGKSXZq5t9KKJPx8JME2fmDdssBpump,0.3,0.328846,0.028846,9.62,36.6063,40.6553,MOMENTUM_GATE_25s [buyers_3<96],False,0,True,False
2026-03-09T18:07:32.166681+00:00,2026-03-09T18:07:41.428809+00:00,9.3,PROMPTFOO,CEkTFkkDmS9ZCAy7EaSYELj45o8bLtzroYV8pD6Bpump,https://gmgn.ai/sol/token/CEkTFkkDmS9ZCAy7EaSYELj45o8bLtzroYV8pD6Bpump,0.3,0.293025,-0.006975,-2.33,28.4297,28.1454,QUICK_STOP_8s,False,0,False,False
2026-03-09T18:07:32.166788+00:00,2026-03-09T18:07:41.429490+00:00,9.3,PROMPTFOO,5DGWzhzQU8Fs7qqUFp6RMY97G66auVYLRP8xCLjVpump,https://gmgn.ai/sol/token/5DGWzhzQU8Fs7qqUFp6RMY97G66auVYLRP8xCLjVpump,0.3,0.293025,-0.006975,-2.33,28.4297,28.1454,QUICK_STOP_8s,False,0,False,False
2026-03-09T18:09:08.741255+00:00,2026-03-09T18:09:17.502369+00:00,8.8,SPOIL,APr6qmLtM983Dk7Sa5b9EYjNf7gXCeKkyBuXKDAGpump,https://gmgn.ai/sol/token/APr6qmLtM983Dk7Sa5b9EYjNf7gXCeKkyBuXKDAGpump,0.3,0.295995,-0.004005,-1.33,30.5026,30.5026,QUICK_STOP_8s,False,0,False,False
2026-03-09T18:10:13.534784+00:00,2026-03-09T18:10:21.571931+00:00,8.0,Heliopolis,2qjgVn8XURSdTW4bbgUF4vWSp8i2EadehL4E1aGRpump,https://gmgn.ai/sol/token/2qjgVn8XURSdTW4bbgUF4vWSp8i2EadehL4E1aGRpump,0.3,0.295995,-0.004005,-1.34,30.4527,30.4527,QUICK_STOP_8s,False,0,False,False
2026-03-09T18:10:13.534874+00:00,2026-03-09T18:10:21.576330+00:00,8.0,Heliopolis,4j9tzCQRqBQAg1if99T45JdefdgxdCHNQfsafXnfpump,https://gmgn.ai/sol/token/4j9tzCQRqBQAg1if99T45JdefdgxdCHNQfsafXnfpump,0.3,0.295995,-0.004005,-1.33,33.2959,33.2959,QUICK_STOP_8s,False,0,False,False
2026-03-09T18:12:10.323465+00:00,2026-03-09T18:12:19.630623+00:00,9.3,Distorted,HztXXdCroYqfyi3HJTeddF2GCCo39fus3tHxApnDpump,https://gmgn.ai/sol/token/HztXXdCroYqfyi3HJTeddF2GCCo39fus3tHxApnDpump,0.3,0.293025,-0.006975,-2.33,29.1082,28.8171,QUICK_STOP_8s,False,0,False,False
2026-03-09T18:12:14.677477+00:00,2026-03-09T18:12:23.639348+00:00,9.0,Chacha,HCue3SSowjtFxxoBXYNFQDkAmcguNWigtMfx3gNvpump,https://gmgn.ai/sol/token/HCue3SSowjtFxxoBXYNFQDkAmcguNWigtMfx3gNvpump,0.3,0.295995,-0.004005,-1.33,33.7947,33.7947,QUICK_STOP_8s,False,0,False,False
2026-03-09T18:12:52.956963+00:00,2026-03-09T18:13:01.588861+00:00,8.6,😳,3dSvXvvXPDntTNoZp1zTiiBJhtvoLnJJUEzDGifypump,https://gmgn.ai/sol/token/3dSvXvvXPDntTNoZp1zTiiBJhtvoLnJJUEzDGifypump,0.3,0.293025,-0.006975,-2.33,28.3204,28.0372,QUICK_STOP_8s,False,0,False,False
2026-03-09T18:13:56.536855+00:00,2026-03-09T18:14:04.819132+00:00,8.3,😳,2dRU7syVf6P1TLBFrgjYrfxUnGuMfmsL1pvGsBDPpump,https://gmgn.ai/sol/token/2dRU7syVf6P1TLBFrgjYrfxUnGuMfmsL1pvGsBDPpump,0.3,0.293025,-0.006975,-2.33,28.6377,28.3513,QUICK_STOP_8s,False,0,False,False
2026-03-09T18:13:56.536990+00:00,2026-03-09T18:14:04.820115+00:00,8.3,😳,Ha1ndxbwDmku3JJGVjHNLZ2txKwFStmu2uuGJvM1pump,https://gmgn.ai/sol/token/Ha1ndxbwDmku3JJGVjHNLZ2txKwFStmu2uuGJvM1pump,0.3,0.293025,-0.006975,-2.33,28.2894,28.0065,QUICK_STOP_8s,False,0,False,False
2026-03-09T18:14:37.564817+00:00,2026-03-09T18:14:46.926943+00:00,9.4,🫪,DeHLTZtLFjMj2ExF7FYKChB3CEdbHLUbuVx7z8srpump,https://gmgn.ai/sol/token/DeHLTZtLFjMj2ExF7FYKChB3CEdbHLUbuVx7z8srpump,0.3,0.293025,-0.006975,-2.33,28.6666,28.3799,QUICK_STOP_8s,False,0,False,False
2026-03-09T18:14:37.564956+00:00,2026-03-09T18:14:46.927728+00:00,9.4,🫪,9a7NVB6ngDhabf9nQySMBvhJw6fdDSACoJcZynikpump,https://gmgn.ai/sol/token/9a7NVB6ngDhabf9nQySMBvhJw6fdDSACoJcZynikpump,0.3,0.293025,-0.006975,-2.33,28.62,28.3338,QUICK_STOP_8s,False,0,False,False
2026-03-09T18:16:09.616866+00:00,2026-03-09T18:16:19.087228+00:00,9.5,orca,5Bgb3UF5uJ1WABSwVFWEE9Ln8wxdrQtZEKYeDhj4p3e7,https://gmgn.ai/sol/token/5Bgb3UF5uJ1WABSwVFWEE9Ln8wxdrQtZEKYeDhj4p3e7,0.3,0.293025,-0.006975,-2.33,32.8902,32.5613,QUICK_STOP_8s,False,0,False,False
2026-03-09T18:17:25.856432+00:00,2026-03-09T18:17:35.248184+00:00,9.4,Heliopolis,FbKdiJn4tQcYsPhuM4TwaaPG91NfBnJMzJiDX6atpump,https://gmgn.ai/sol/token/FbKdiJn4tQcYsPhuM4TwaaPG91NfBnJMzJiDX6atpump,0.3,0.295995,-0.004005,-1.33,33.2959,33.2959,QUICK_STOP_8s,False,0,False,False
2026-03-09T18:17:25.856717+00:00,2026-03-09T18:17:35.252877+00:00,9.4,Heliopolis,4GwbFqRpMtjzdUXN1LibEqwW4UXWHPSr331gKuEnpump,https://gmgn.ai/sol/token/4GwbFqRpMtjzdUXN1LibEqwW4UXWHPSr331gKuEnpump,0.3,0.295995,-0.004005,-1.33,35.3535,35.3535,QUICK_STOP_8s,False,0,False,False
2026-03-09T18:18:23.116568+00:00,2026-03-09T18:18:31.296723+00:00,8.2,Emojis,GzCaNhMsWCTBBKvr6TYbPr6R4HqLPiZgcUKiZfkKpump,https://gmgn.ai/sol/token/GzCaNhMsWCTBBKvr6TYbPr6R4HqLPiZgcUKiZfkKpump,0.3,0.293025,-0.006975,-2.33,28.2831,28.0003,QUICK_STOP_8s,False,0,False,False
2026-03-09T18:18:23.116696+00:00,2026-03-09T18:18:31.297594+00:00,8.2,EMOJIS,RmtLRT2s3ahvaKin21KsKnKC4HK39urSiZPT84Bpump,https://gmgn.ai/sol/token/RmtLRT2s3ahvaKin21KsKnKC4HK39urSiZPT84Bpump,0.3,0.293025,-0.006975,-2.33,28.62,28.3338,QUICK_STOP_8s,False,0,False,False
2026-03-09T18:18:50.074489+00:00,2026-03-09T18:18:59.332671+00:00,9.3,Distorted,5VTymQLjMiqZFn3fiVNwx2LwnxPnzWfFGow72FeZpump,https://gmgn.ai/sol/token/5VTymQLjMiqZFn3fiVNwx2LwnxPnzWfFGow72FeZpump,0.3,0.295995,-0.004005,-1.33,33.3333,33.3333,QUICK_STOP_8s,False,0,False,False
2026-03-09T18:18:50.074777+00:00,2026-03-09T18:18:59.335780+00:00,9.3,Distorted,FbYyKtqpGp7hNwsQMuJKsXbjJqzG6KC9VSvWXKgpump,https://gmgn.ai/sol/token/FbYyKtqpGp7hNwsQMuJKsXbjJqzG6KC9VSvWXKgpump,0.3,0.295995,-0.004005,-1.33,33.3333,33.3333,QUICK_STOP_8s,False,0,False,False
2026-03-09T18:21:08.479705+00:00,2026-03-09T18:21:17.434927+00:00,9.0,Ape,2JEFot2C4LCGdCLpVsc4R8DNkN576TEe5D38AvLcpump,https://gmgn.ai/sol/token/2JEFot2C4LCGdCLpVsc4R8DNkN576TEe5D38AvLcpump,0.3,0.295995,-0.004005,-1.33,31.3131,31.3131,QUICK_STOP_8s,False,0,False,False
2026-03-09T18:21:08.479817+00:00,2026-03-09T18:21:17.437376+00:00,9.0,Ape,13YLM6CYDKnh9FMViVEMQwo1bveV8qXEaX4eWMHmpump,https://gmgn.ai/sol/token/13YLM6CYDKnh9FMViVEMQwo1bveV8qXEaX4eWMHmpump,0.3,0.295995,-0.004005,-1.33,32.1717,32.1717,QUICK_STOP_8s,False,0,False,False
2026-03-09T18:21:23.739623+00:00,2026-03-09T18:21:33.520369+00:00,9.8,Liquid,7fZNTSqkS52PgUbb8fo797x8Rb38RTJ5MXiiyhNUpump,https://gmgn.ai/sol/token/7fZNTSqkS52PgUbb8fo797x8Rb38RTJ5MXiiyhNUpump,0.3,0.295995,-0.004005,-1.33,30.3031,30.3031,QUICK_STOP_8s,False,0,False,False
2026-03-09T18:21:23.739942+00:00,2026-03-09T18:21:33.522535+00:00,9.8,Liquid,BVGKT2iaN7EnKTpErEtboarH1Z834fyjSTHa3TAnpump,https://gmgn.ai/sol/token/BVGKT2iaN7EnKTpErEtboarH1Z834fyjSTHa3TAnpump,0.3,0.295995,-0.004005,-1.33,30.3031,30.3031,QUICK_STOP_8s,False,0,False,False
2026-03-09T18:22:52.247772+00:00,2026-03-09T18:23:01.571036+00:00,9.3,MIROFISH,2AkHuALsswvrsEAKqivwZLrhxp18P5FsyUHeTXyKpump,https://gmgn.ai/sol/token/2AkHuALsswvrsEAKqivwZLrhxp18P5FsyUHeTXyKpump,0.3,0.295995,-0.004005,-1.33,32.3232,32.3232,QUICK_STOP_8s,False,0,False,False
2026-03-09T18:22:52.247921+00:00,2026-03-09T18:23:01.579587+00:00,9.3,MIROFISH,3UfLWUGfTEe3tTWJDMZVAQfMsRgaJTt1hffYY2XDpump,https://gmgn.ai/sol/token/3UfLWUGfTEe3tTWJDMZVAQfMsRgaJTt1hffYY2XDpump,0.3,0.295995,-0.004005,-1.33,32.3232,32.3232,QUICK_STOP_8s,False,0,False,False
2026-03-09T18:24:20.156980+00:00,2026-03-09T18:24:29.639605+00:00,9.5,MIROFISH,6QY27f2pRRi7h44rnRQVZF66jCG2Lys4BYFjL5LCpump,https://gmgn.ai/sol/token/6QY27f2pRRi7h44rnRQVZF66jCG2Lys4BYFjL5LCpump,0.3,0.295995,-0.004005,-1.33,32.3232,32.3232,QUICK_STOP_8s,False,0,False,False
2026-03-09T18:24:20.157400+00:00,2026-03-09T18:24:29.644552+00:00,9.5,MIROFISH,6CaBu6UyNHcgbBJjYbZovPGw8zByJ7t88viGNpsKpump,https://gmgn.ai/sol/token/6CaBu6UyNHcgbBJjYbZovPGw8zByJ7t88viGNpsKpump,0.3,0.295995,-0.004005,-1.33,30.303,30.303,QUICK_STOP_8s,False,0,False,False
2026-03-09T18:24:37.868398+00:00,2026-03-09T18:24:47.665390+00:00,9.8,Jerk,kxMN9YufqLqRz3NvL5bBb2dKcLderEe7NS7rHvKpump,https://gmgn.ai/sol/token/kxMN9YufqLqRz3NvL5bBb2dKcLderEe7NS7rHvKpump,0.3,0.295995,-0.004005,-1.33,31.49,31.49,QUICK_STOP_8s,False,0,False,False
2026-03-09T18:25:35.057733+00:00,2026-03-09T18:25:43.839221+00:00,8.8,UTRENCHER,AqdPhCfzyQ8DygPEiMrQYRq8pW1G45ikaoQCfAejpump,https://gmgn.ai/sol/token/AqdPhCfzyQ8DygPEiMrQYRq8pW1G45ikaoQCfAejpump,0.3,0.295995,-0.004005,-1.33,33.2959,33.2959,QUICK_STOP_8s,False,0,False,False
2026-03-09T18:25:35.057875+00:00,2026-03-09T18:25:43.844130+00:00,8.8,Utrencher,4S5SPW18dpxeiywYipJJykCkB8GXhmMnEQXe3ymqpump,https://gmgn.ai/sol/token/4S5SPW18dpxeiywYipJJykCkB8GXhmMnEQXe3ymqpump,0.3,0.295995,-0.004005,-1.33,31.3007,31.3007,QUICK_STOP_8s,False,0,False,False
2026-03-09T18:25:54.248548+00:00,2026-03-09T18:26:03.854350+00:00,9.6,DUKE,CEyrYZEohBHRyj4rUAzqnEHSZqEfKeXjPXwC7FYTpump,https://gmgn.ai/sol/token/CEyrYZEohBHRyj4rUAzqnEHSZqEfKeXjPXwC7FYTpump,0.3,0.295995,-0.004005,-1.33,28.6202,28.6202,QUICK_STOP_8s,False,0,False,False
2026-03-09T18:25:54.248674+00:00,2026-03-09T18:26:03.857851+00:00,9.6,DUKE,EJH7FEyWKpJ381kXxMntukSRNB3qTGej4WmhqbBCLz79,https://gmgn.ai/sol/token/EJH7FEyWKpJ381kXxMntukSRNB3qTGej4WmhqbBCLz79,0.3,0.293025,-0.006975,-2.33,32.9654,32.6357,QUICK_STOP_8s,False,0,False,False
2026-03-09T18:27:01.025548+00:00,2026-03-09T18:27:09.903273+00:00,8.9,amoeba,2UxocUqUR1rcvewFhYP2bVpKTuj6PbYch8VgxRBDpump,https://gmgn.ai/sol/token/2UxocUqUR1rcvewFhYP2bVpKTuj6PbYch8VgxRBDpump,0.3,0.295995,-0.004005,-1.33,31.1111,31.1111,QUICK_STOP_8s,False,0,False,False
2026-03-09T18:29:14.170174+00:00,2026-03-09T18:29:24.000851+00:00,9.8,Heliopolis,85psg1cus6nGdZAQvqbsGDKqNRoDyhGqgrKprTN5pump,https://gmgn.ai/sol/token/85psg1cus6nGdZAQvqbsGDKqNRoDyhGqgrKprTN5pump,0.3,0.295995,-0.004005,-1.33,35.2912,35.2912,QUICK_STOP_8s,False,0,False,False
2026-03-09T18:29:14.170320+00:00,2026-03-09T18:29:24.003320+00:00,9.8,Heliopolis,DRGXgruWiidYXkG5CcLkjSX2GUdDLJB1n69pniLKpump,https://gmgn.ai/sol/token/DRGXgruWiidYXkG5CcLkjSX2GUdDLJB1n69pniLKpump,0.3,0.295995,-0.004005,-1.33,33.2959,33.2959,QUICK_STOP_8s,False,0,False,False
2026-03-09T18:31:41.676141+00:00,2026-03-09T18:31:50.093458+00:00,8.4,Water,56vQLfvAAPjsht341LAprcC9UKaojWCfsv92Nchwpump,https://gmgn.ai/sol/token/56vQLfvAAPjsht341LAprcC9UKaojWCfsv92Nchwpump,0.3,0.295995,-0.004005,-1.33,31.3007,31.3007,QUICK_STOP_8s,False,0,False,False
2026-03-09T18:31:41.676316+00:00,2026-03-09T18:31:50.100144+00:00,8.4,Water,6B4DhongT2vkEa8u73oCZQ3NDmjN74gFmhhG2eKvpump,https://gmgn.ai/sol/token/6B4DhongT2vkEa8u73oCZQ3NDmjN74gFmhhG2eKvpump,0.3,0.295995,-0.004005,-1.33,31.3007,31.3007,QUICK_STOP_8s,False,0,False,False
2026-03-09T18:33:07.043280+00:00,2026-03-09T18:33:16.164125+00:00,9.1,AVA,GpAce9WBFFMTMR16gu4W7maejnti5uuYiqxgW6iEpump,https://gmgn.ai/sol/token/GpAce9WBFFMTMR16gu4W7maejnti5uuYiqxgW6iEpump,0.3,0.295995,-0.004005,-1.33,31.6162,31.6162,QUICK_STOP_8s,False,0,False,False
2026-03-09T18:33:07.043383+00:00,2026-03-09T18:33:16.166393+00:00,9.1,AVA,EfbYcA8mV7jkMezU2soMGD1ubkSJbej7sPLpeseUpump,https://gmgn.ai/sol/token/EfbYcA8mV7jkMezU2soMGD1ubkSJbej7sPLpeseUpump,0.3,0.295995,-0.004005,-1.33,33.2959,33.2959,QUICK_STOP_8s,False,0,False,False
2026-03-09T18:33:59.944502+00:00,2026-03-09T18:34:08.206301+00:00,8.3,oilinu,9hwNDuwBWaiXCPfqSW8H95iGv3xXRWqkmP6P3uMXpump,https://gmgn.ai/sol/token/9hwNDuwBWaiXCPfqSW8H95iGv3xXRWqkmP6P3uMXpump,0.3,0.295995,-0.004005,-1.33,31.9791,31.9791,QUICK_STOP_8s,False,0,False,False
2026-03-09T18:34:17.244989+00:00,2026-03-09T18:34:26.257919+00:00,9.0,Mickey,6YQgzmGYGnoxXDeRzKRaeJYqLJLAidMbaSbrnzcDL6U1,https://gmgn.ai/sol/token/6YQgzmGYGnoxXDeRzKRaeJYqLJLAidMbaSbrnzcDL6U1,0.3,0.295995,-0.004005,-1.33,35.2912,35.2912,QUICK_STOP_8s,False,0,False,False
2026-03-09T18:35:31.953159+00:00,2026-03-09T18:35:40.297960+00:00,8.3,AVA,57ydwdQuQy5Cn68pxwYLMcoz9psmyyvVSbiGGqDQpump,https://gmgn.ai/sol/token/57ydwdQuQy5Cn68pxwYLMcoz9psmyyvVSbiGGqDQpump,0.3,0.295995,-0.004005,-1.33,33.5952,33.5952,QUICK_STOP_8s,False,0,False,False
2026-03-09T18:35:31.953376+00:00,2026-03-09T18:35:40.299079+00:00,8.3,AVA,3JUoutkRVjTmFJPiFf6kvCkTcW6tEVKqnK24SBdfpump,https://gmgn.ai/sol/token/3JUoutkRVjTmFJPiFf6kvCkTcW6tEVKqnK24SBdfpump,0.3,0.293025,-0.006975,-2.33,28.4296,28.1453,QUICK_STOP_8s,False,0,False,False
2026-03-09T18:37:40.330627+00:00,2026-03-09T18:37:48.513225+00:00,8.2,FRED,HLXykB3ntr7ALZ1cjTLk39Lss7kQu99iFNiLxsbCpump,https://gmgn.ai/sol/token/HLXykB3ntr7ALZ1cjTLk39Lss7kQu99iFNiLxsbCpump,0.3,0.295995,-0.004005,-1.33,28.6202,28.6202,QUICK_STOP_8s,False,0,False,False
2026-03-09T18:37:40.330773+00:00,2026-03-09T18:37:48.516778+00:00,8.2,FRED,Ajya46YgKoFt2MRUnK2AJCqWBJ93chyKpxSFyK7rf6PZ,https://gmgn.ai/sol/token/Ajya46YgKoFt2MRUnK2AJCqWBJ93chyKpxSFyK7rf6PZ,0.3,0.295995,-0.004005,-1.33,38.3838,38.3838,QUICK_STOP_8s,False,0,False,False
2026-03-09T18:38:12.688982+00:00,2026-03-09T18:38:22.549448+00:00,9.9,RUGS,B1iao3YqZ9j2JbLrV9HTeMRXjANREyGWvUAPEJVipump,https://gmgn.ai/sol/token/B1iao3YqZ9j2JbLrV9HTeMRXjANREyGWvUAPEJVipump,0.3,0.295995,-0.004005,-1.33,31.1708,31.1708,QUICK_STOP_8s,False,0,False,False
2026-03-09T18:38:28.198088+00:00,2026-03-09T18:38:36.555798+00:00,8.4,VANGOGH,HxzuJxwYuaT33wqbxpN6zKP3KBEuZ5aPuRJeRjnapump,https://gmgn.ai/sol/token/HxzuJxwYuaT33wqbxpN6zKP3KBEuZ5aPuRJeRjnapump,0.3,0.293025,-0.006975,-2.33,29.467,29.1724,QUICK_STOP_8s,False,0,False,False
2026-03-09T18:38:28.198193+00:00,2026-03-09T18:38:36.556499+00:00,8.4,VANGOGH,9QaUPaDUJM5nCoDHZLjymWT18wtiex4WPrwDMumsrtLh,https://gmgn.ai/sol/token/9QaUPaDUJM5nCoDHZLjymWT18wtiex4WPrwDMumsrtLh,0.3,0.293025,-0.006975,-2.33,31.0716,30.7609,QUICK_STOP_8s,False,0,False,False
2026-03-09T18:38:42.203052+00:00,2026-03-09T18:38:50.567086+00:00,8.4,VANGOGH,9EmimjvV2wAyeWtYG5wapQa6VrxmFWZRNm27wGbt9EpM,https://gmgn.ai/sol/token/9EmimjvV2wAyeWtYG5wapQa6VrxmFWZRNm27wGbt9EpM,0.3,0.293025,-0.006975,-2.33,28.5569,28.2713,QUICK_STOP_8s,False,0,False,False
2026-03-09T18:38:42.203242+00:00,2026-03-09T18:38:50.567784+00:00,8.4,VANGOGH,6wcuCuM9GEh8wTrdfcsHGpHdETmcXz6eN83JrhxHpump,https://gmgn.ai/sol/token/6wcuCuM9GEh8wTrdfcsHGpHdETmcXz6eN83JrhxHpump,0.3,0.293025,-0.006975,-2.33,28.4428,28.1584,QUICK_STOP_8s,False,0,False,False
2026-03-09T18:39:00.839859+00:00,2026-03-09T18:39:10.596254+00:00,9.8,SHIT,7Y7GBuXkicnS2K1ijR5H4VzUA3Yfozw2xnMeuWwfydwm,https://gmgn.ai/sol/token/7Y7GBuXkicnS2K1ijR5H4VzUA3Yfozw2xnMeuWwfydwm,0.3,0.295995,-0.004005,-1.33,30.303,30.303,QUICK_STOP_8s,False,0,False,False
2026-03-09T18:39:01.300823+00:00,2026-03-09T18:39:10.603146+00:00,9.3,VANGOGH,9SV5N4ke7E9gGbVJ6XJNLofJQo1szFhM5ssauWfGpump,https://gmgn.ai/sol/token/9SV5N4ke7E9gGbVJ6XJNLofJQo1szFhM5ssauWfGpump,0.3,0.293025,-0.006975,-2.33,28.5238,28.2386,QUICK_STOP_8s,False,0,False,False
2026-03-09T18:39:25.861231+00:00,2026-03-09T18:39:34.624643+00:00,8.8,FRED,FF73q17jeZxctBRmndjqvkNNab2pjkCgnJpgyBoNpump,https://gmgn.ai/sol/token/FF73q17jeZxctBRmndjqvkNNab2pjkCgnJpgyBoNpump,0.3,0.293025,-0.006975,-2.33,28.4297,28.1454,QUICK_STOP_8s,False,0,False,False
2026-03-09T18:39:25.861352+00:00,2026-03-09T18:39:34.630442+00:00,8.8,FRED,3BoZkZGqjfeXjDvfa6pE2bWAJEYzruKr9U1gwFjypump,https://gmgn.ai/sol/token/3BoZkZGqjfeXjDvfa6pE2bWAJEYzruKr9U1gwFjypump,0.3,0.295995,-0.004005,-1.33,36.2888,36.2888,QUICK_STOP_8s,False,0,False,False
2026-03-09T18:40:15.670008+00:00,2026-03-09T18:40:24.723870+00:00,9.1,MONKEY,WZQ5ZEQ9eF7Zbyf1eh28M6q88iuwZVnvk8WtVmepump,https://gmgn.ai/sol/token/WZQ5ZEQ9eF7Zbyf1eh28M6q88iuwZVnvk8WtVmepump,0.3,0.285236,-0.014764,-4.92,35.2912,34.0127,QUICK_STOP_8s,False,0,False,False
2026-03-09T18:41:40.812045+00:00,2026-03-09T18:41:50.799006+00:00,10.0,VANGOGH,2bAx3yeGBxqTzVYN6VahjFkvkaj5JgF1KKyQGm8opump,https://gmgn.ai/sol/token/2bAx3yeGBxqTzVYN6VahjFkvkaj5JgF1KKyQGm8opump,0.3,0.295995,-0.004005,-1.33,34.1938,34.1938,QUICK_STOP_8s,False,0,False,False
2026-03-09T18:41:40.812652+00:00,2026-03-09T18:41:50.942730+00:00,10.1,VANGOGH,AJ1H3ZbWZLKgydbGa5XcAYXJJrk4qDHTGCqnVbbzcUMa,https://gmgn.ai/sol/token/AJ1H3ZbWZLKgydbGa5XcAYXJJrk4qDHTGCqnVbbzcUMa,0.3,0.295995,-0.004005,-1.33,31.3131,31.3131,QUICK_STOP_8s,False,0,False,False
2026-03-09T18:44:28.262780+00:00,2026-03-09T18:44:37.039218+00:00,8.8,Hume,42bBFSi6SS9GcC4JdXjng4udn3n25JU2QroxA8wepump,https://gmgn.ai/sol/token/42bBFSi6SS9GcC4JdXjng4udn3n25JU2QroxA8wepump,0.3,0.295995,-0.004005,-1.33,33.2959,33.2959,QUICK_STOP_8s,False,0,False,False
2026-03-09T18:44:28.262878+00:00,2026-03-09T18:44:37.042274+00:00,8.8,Hume,4g1ZGDxcCTG7feSpKhkk9q8EjKBmyVQvpcaeojzCpump,https://gmgn.ai/sol/token/4g1ZGDxcCTG7feSpKhkk9q8EjKBmyVQvpcaeojzCpump,0.3,0.293025,-0.006975,-2.33,28.3603,28.0767,QUICK_STOP_8s,False,0,False,False
2026-03-09T18:45:29.384643+00:00,2026-03-09T18:45:39.068882+00:00,9.7,LOL,9Su24ynurR52E3CLwZzNXeLT9ccMGXmcPefw1vXcpump,https://gmgn.ai/sol/token/9Su24ynurR52E3CLwZzNXeLT9ccMGXmcPefw1vXcpump,0.3,0.293025,-0.006975,-2.33,28.2997,28.0167,QUICK_STOP_8s,False,0,False,False
2026-03-09T18:45:29.385154+00:00,2026-03-09T18:45:39.070519+00:00,9.7,LOL,BjSLamLpGFTE21Nwc8B9Mx4WgoJ7nNB3i5rbEu5Lpump,https://gmgn.ai/sol/token/BjSLamLpGFTE21Nwc8B9Mx4WgoJ7nNB3i5rbEu5Lpump,0.3,0.293025,-0.006975,-2.33,30.2125,29.9104,QUICK_STOP_8s,False,0,False,False
2026-03-09T18:45:53.234843+00:00,2026-03-09T18:46:03.100931+00:00,9.9,Jeff,3rKFrGnwyzBwMQ3iMuVPSdYFsZZDNMyFwqgPL5sG7ghr,https://gmgn.ai/sol/token/3rKFrGnwyzBwMQ3iMuVPSdYFsZZDNMyFwqgPL5sG7ghr,0.3,0.295995,-0.004005,-1.33,32.3232,32.3232,QUICK_STOP_8s,False,0,False,False
2026-03-09T18:45:53.234985+00:00,2026-03-09T18:46:06.972304+00:00,13.7,Jeff,AsaaX9564GijBqz8sguftCDsxD1aQ2ESH5qY7E3Hpump,https://gmgn.ai/sol/token/AsaaX9564GijBqz8sguftCDsxD1aQ2ESH5qY7E3Hpump,0.3,0.295995,-0.004005,-1.33,31.9401,31.9401,QUICK_STOP_8s,False,0,False,False
2026-03-09T18:46:09.621630+00:00,2026-03-09T18:46:18.979170+00:00,9.4,Plan,6mSdKfJLY9iAyApSyVDvXt9LNPHPxdpWkTRKef7vpump,https://gmgn.ai/sol/token/6mSdKfJLY9iAyApSyVDvXt9LNPHPxdpWkTRKef7vpump,0.3,0.293025,-0.006975,-2.33,28.6199,28.3337,QUICK_STOP_8s,False,0,False,False
2026-03-09T18:46:46.964242+00:00,2026-03-09T18:46:55.082661+00:00,8.1,02,CBsfaybhqZZwVH2jCqG7esBh3FHLGxW2AWSH6qhjpump,https://gmgn.ai/sol/token/CBsfaybhqZZwVH2jCqG7esBh3FHLGxW2AWSH6qhjpump,0.3,0.295995,-0.004005,-1.33,33.2959,33.2959,QUICK_STOP_8s,False,0,False,False
2026-03-09T18:46:50.822347+00:00,2026-03-09T18:46:59.097462+00:00,8.3,FRED,Ecc72DyDmpRE4gYq5UVGm8dSZyNsTnoxVHoEyjfdpump,https://gmgn.ai/sol/token/Ecc72DyDmpRE4gYq5UVGm8dSZyNsTnoxVHoEyjfdpump,0.3,0.295995,-0.004005,-1.33,30.404,30.404,QUICK_STOP_8s,False,0,False,False
2026-03-09T18:48:21.927685+00:00,2026-03-09T18:48:31.148967+00:00,9.2,Starcloud,BjJVHiw6WFkgY7FLrfJjiE2xc5MQzjfJTPJvwSkHpump,https://gmgn.ai/sol/token/BjJVHiw6WFkgY7FLrfJjiE2xc5MQzjfJTPJvwSkHpump,0.3,0.295995,-0.004005,-1.33,33.2959,33.2959,QUICK_STOP_8s,False,0,False,False
2026-03-09T18:48:38.884844+00:00,2026-03-09T18:48:47.179207+00:00,8.3,Kiri,2CrHtk5BRnHdSf7ondjt5amWhopGMehvVDQ7o7D7R2eR,https://gmgn.ai/sol/token/2CrHtk5BRnHdSf7ondjt5amWhopGMehvVDQ7o7D7R2eR,0.3,0.295995,-0.004005,-1.33,35.2912,35.2912,QUICK_STOP_8s,False,0,False,False
2026-03-09T18:48:38.884926+00:00,2026-03-09T18:48:47.181974+00:00,8.3,Kiri,HCyJzpUz8gaGiePgcdPcBzX1JwmfYeVfy6hNx6K7ghMK,https://gmgn.ai/sol/token/HCyJzpUz8gaGiePgcdPcBzX1JwmfYeVfy6hNx6K7ghMK,0.3,0.295995,-0.004005,-1.33,35.2912,35.2912,QUICK_STOP_8s,False,0,False,False
2026-03-09T18:48:56.371913+00:00,2026-03-09T18:49:05.208591+00:00,8.8,Kiri,Hv1rKR5Hg3g1EpVaDGugfSMcaNDYmM5k3j69uakYpump,https://gmgn.ai/sol/token/Hv1rKR5Hg3g1EpVaDGugfSMcaNDYmM5k3j69uakYpump,0.3,0.295995,-0.004005,-1.33,30.5556,30.5556,QUICK_STOP_8s,False,0,False,False
2026-03-09T18:48:56.372020+00:00,2026-03-09T18:49:05.210587+00:00,8.8,Kiri,2y7CoWJzy6jjLuAvLQAhK3wktAqht92DDF4AFvp14kNY,https://gmgn.ai/sol/token/2y7CoWJzy6jjLuAvLQAhK3wktAqht92DDF4AFvp14kNY,0.3,0.295995,-0.004005,-1.33,35.2912,35.2912,QUICK_STOP_8s,False,0,False,False
2026-03-09T18:49:15.822515+00:00,2026-03-09T18:49:25.236129+00:00,9.4,Kiri,AvXiCy1GZvhymzYXDzx923vKQo2bvzrGCrUR4DMrpump,https://gmgn.ai/sol/token/AvXiCy1GZvhymzYXDzx923vKQo2bvzrGCrUR4DMrpump,0.3,0.295995,-0.004005,-1.33,31.3131,31.3131,QUICK_STOP_8s,False,0,False,False
2026-03-09T18:49:15.822909+00:00,2026-03-09T18:49:25.241589+00:00,9.4,Kiri,9Quc3c76GAr7i9LzgbXxc6EySKrVLkq3EnZ51k9Gpump,https://gmgn.ai/sol/token/9Quc3c76GAr7i9LzgbXxc6EySKrVLkq3EnZ51k9Gpump,0.3,0.295995,-0.004005,-1.33,34.1938,34.1938,QUICK_STOP_8s,False,0,False,False
2026-03-09T18:49:48.611933+00:00,2026-03-09T18:49:57.270724+00:00,8.7,FRODRICK,7oQaeCEzxRSCYioZKHXsuEAWM5pG12dhfgeiE263pump,https://gmgn.ai/sol/token/7oQaeCEzxRSCYioZKHXsuEAWM5pG12dhfgeiE263pump,0.3,0.295995,-0.004005,-1.33,32.3232,32.3232,QUICK_STOP_8s,False,0,False,False
2026-03-09T18:50:25.676989+00:00,2026-03-09T18:50:35.319290+00:00,9.6,Boil,ECVu2v3U743mrtL7717M6f4kkP7K1NTJtD6omvDopump,https://gmgn.ai/sol/token/ECVu2v3U743mrtL7717M6f4kkP7K1NTJtD6omvDopump,0.3,0.295995,-0.004005,-1.33,30.4028,30.4028,QUICK_STOP_8s,False,0,False,False
2026-03-09T18:50:25.677117+00:00,2026-03-09T18:50:35.324263+00:00,9.6,BOIL,3qBfxWvmMeVu65Y2gfPcSkEC352z2KUMVDQD4tejpump,https://gmgn.ai/sol/token/3qBfxWvmMeVu65Y2gfPcSkEC352z2KUMVDQD4tejpump,0.3,0.295995,-0.004005,-1.33,31.8454,31.8454,QUICK_STOP_8s,False,0,False,False
2026-03-09T18:50:36.133756+00:00,2026-03-09T18:50:45.341749+00:00,9.2,JEFF,HQvUdD6Ryv61gPhRhATDpmbmvZ9JZ2LA85EgZ6PWpump,https://gmgn.ai/sol/token/HQvUdD6Ryv61gPhRhATDpmbmvZ9JZ2LA85EgZ6PWpump,0.3,0.293025,-0.006975,-2.33,28.4297,28.1454,QUICK_STOP_8s,False,0,False,False
2026-03-09T18:50:36.133862+00:00,2026-03-09T18:50:45.344854+00:00,9.2,JEFF,HeELcwUgdSVsZvo4jWbo9k3unqRToXGj13cw16W1wWzp,https://gmgn.ai/sol/token/HeELcwUgdSVsZvo4jWbo9k3unqRToXGj13cw16W1wWzp,0.3,0.295995,-0.004005,-1.33,33.8384,33.8384,QUICK_STOP_8s,False,0,False,False
2026-03-09T18:50:56.372782+00:00,2026-03-09T18:51:05.363578+00:00,9.0,SHIKOKU,CnUCmaTPWteL5h7kZvJVgTHCFJFKzvpJcLLp3zsqpump,https://gmgn.ai/sol/token/CnUCmaTPWteL5h7kZvJVgTHCFJFKzvpJcLLp3zsqpump,0.3,0.295995,-0.004005,-1.33,31.6162,31.6162,QUICK_STOP_8s,False,0,False,False
2026-03-09T18:52:01.767698+00:00,2026-03-09T18:52:11.420807+00:00,9.7,Kiri,Hbph4ZvnoNBEm8wPkXZ8rERAUWRdj9Bz8rQJD7cnF2dB,https://gmgn.ai/sol/token/Hbph4ZvnoNBEm8wPkXZ8rERAUWRdj9Bz8rQJD7cnF2dB,0.3,0.295995,-0.004005,-1.33,32.3232,32.3232,QUICK_STOP_8s,False,0,False,False
2026-03-09T18:52:01.767844+00:00,2026-03-09T18:52:11.423878+00:00,9.7,Kiri,8f8RAUdi2qHZ5mSKkskGsHcwPnNZuEMkn9fCZHt6pump,https://gmgn.ai/sol/token/8f8RAUdi2qHZ5mSKkskGsHcwPnNZuEMkn9fCZHt6pump,0.3,0.295995,-0.004005,-1.33,32.5976,32.5976,QUICK_STOP_8s,False,0,False,False
2026-03-09T18:52:48.733217+00:00,2026-03-09T18:52:57.459821+00:00,8.7,OIL,HHfb5iYXAnRyg1ycozJgow8FPF1UXQ7ZP7hcSpdLpump,https://gmgn.ai/sol/token/HHfb5iYXAnRyg1ycozJgow8FPF1UXQ7ZP7hcSpdLpump,0.3,0.295995,-0.004005,-1.33,33.2959,33.2959,QUICK_STOP_8s,False,0,False,False
2026-03-09T18:52:48.733335+00:00,2026-03-09T18:52:57.461965+00:00,8.7,OIL,BD1UexzoJWBZtAb4F7FTDp1dK1hz3B8izGwtcv5epump,https://gmgn.ai/sol/token/BD1UexzoJWBZtAb4F7FTDp1dK1hz3B8izGwtcv5epump,0.3,0.295995,-0.004005,-1.33,31.5301,31.5301,QUICK_STOP_8s,False,0,False,False
2026-03-09T18:53:34.711963+00:00,2026-03-09T18:53:43.510133+00:00,8.8,COMO,DFP4xzxs6nAKm1mc21Y5WPsU1x9k2qSRDEiArHBHpump,https://gmgn.ai/sol/token/DFP4xzxs6nAKm1mc21Y5WPsU1x9k2qSRDEiArHBHpump,0.3,0.295995,-0.004005,-1.33,33.3333,33.3333,QUICK_STOP_8s,False,0,False,False
2026-03-09T18:53:34.712100+00:00,2026-03-09T18:53:43.512976+00:00,8.8,COMO,CmxVyK4yAV4D1Xbt7ub5UbNe9dJBxScvqht7pJCApump,https://gmgn.ai/sol/token/CmxVyK4yAV4D1Xbt7ub5UbNe9dJBxScvqht7pJCApump,0.3,0.295995,-0.004005,-1.34,32.2983,32.2983,QUICK_STOP_8s,False,0,False,False
2026-03-09T18:53:53.278381+00:00,2026-03-09T18:54:01.630231+00:00,8.4,Frodrick,HXrUawV8UWa9QczcZsS6w5FFFxQuTTUyPQFuFNRCpump,https://gmgn.ai/sol/token/HXrUawV8UWa9QczcZsS6w5FFFxQuTTUyPQFuFNRCpump,0.3,0.295995,-0.004005,-1.33,31.6162,31.6162,QUICK_STOP_8s,False,0,False,False
2026-03-09T18:53:53.278497+00:00,2026-03-09T18:54:01.632157+00:00,8.4,Frodrick,EGVsdCjTp3KhGkXdNW9RYiieqe9pDHufx1q6pE2ipump,https://gmgn.ai/sol/token/EGVsdCjTp3KhGkXdNW9RYiieqe9pDHufx1q6pE2ipump,0.3,0.295995,-0.004005,-1.33,31.6162,31.6162,QUICK_STOP_8s,False,0,False,False
2026-03-09T18:55:21.301195+00:00,2026-03-09T18:55:29.858625+00:00,8.6,AC,3sAYr59SxxtwmWHFroLTwCarxzsrSsBfUM1ys6JEpump,https://gmgn.ai/sol/token/3sAYr59SxxtwmWHFroLTwCarxzsrSsBfUM1ys6JEpump,0.3,0.295995,-0.004005,-1.33,33.2959,33.2959,QUICK_STOP_8s,False,0,False,False
2026-03-09T18:55:45.776003+00:00,2026-03-09T18:55:53.898741+00:00,8.1,Penguin ,CDqBEXKHETdMLDnbhu8152tGriPg9mfPJ3yJFdMgpump,https://gmgn.ai/sol/token/CDqBEXKHETdMLDnbhu8152tGriPg9mfPJ3yJFdMgpump,0.3,0.295995,-0.004005,-1.33,30.8018,30.8018,QUICK_STOP_8s,False,0,False,False
2026-03-09T18:56:21.206556+00:00,2026-03-09T18:56:29.928548+00:00,8.7,Orclave ,FFgt7rqb2hjSyTMuoKuxCwW4xw3Nw68JMUrnyZRnpump,https://gmgn.ai/sol/token/FFgt7rqb2hjSyTMuoKuxCwW4xw3Nw68JMUrnyZRnpump,0.3,0.295995,-0.004005,-1.33,31.6162,31.6162,QUICK_STOP_8s,False,0,False,False
2026-03-09T18:58:09.024029+00:00,2026-03-09T18:58:18.052513+00:00,9.0,Jeff,Gu8xm6eya2xDk9JmobH8SMNN7UbsZeBRV2UcbCp8pump,https://gmgn.ai/sol/token/Gu8xm6eya2xDk9JmobH8SMNN7UbsZeBRV2UcbCp8pump,0.3,0.295995,-0.004005,-1.33,33.3333,33.3333,QUICK_STOP_8s,False,0,False,False
2026-03-09T18:58:09.024177+00:00,2026-03-09T18:58:18.056699+00:00,9.0,Jeff,8NnnKRAQsxD8PPkqKcV9oNMgFjd8g2uJLqGkvxH4pump,https://gmgn.ai/sol/token/8NnnKRAQsxD8PPkqKcV9oNMgFjd8g2uJLqGkvxH4pump,0.3,0.295995,-0.004005,-1.33,31.6162,31.6162,QUICK_STOP_8s,False,0,False,False
2026-03-09T18:58:37.517322+00:00,2026-03-09T18:58:46.064355+00:00,8.5,серый,Ck1VTQju44fzaBSJ8M5Zz1aThakaf6fANhbwbrpHpump,https://gmgn.ai/sol/token/Ck1VTQju44fzaBSJ8M5Zz1aThakaf6fANhbwbrpHpump,0.3,0.293025,-0.006975,-2.33,28.305,28.0219,QUICK_STOP_8s,False,0,False,False
2026-03-09T18:58:43.294259+00:00,2026-03-09T18:58:52.070587+00:00,8.8,Loop,4EiZtZ7HtxSKNznjXMeBwXHLqeiDr1eFzJ9VDpE5pump,https://gmgn.ai/sol/token/4EiZtZ7HtxSKNznjXMeBwXHLqeiDr1eFzJ9VDpE5pump,0.3,0.293025,-0.006975,-2.33,28.3098,28.0267,QUICK_STOP_8s,False,0,False,False
2026-03-09T18:58:52.982319+00:00,2026-03-09T18:59:02.094742+00:00,9.1,Kiri,DBmtoAvahuANyvXitwHmLAuEDdnxii7hSJWkmBWapump,https://gmgn.ai/sol/token/DBmtoAvahuANyvXitwHmLAuEDdnxii7hSJWkmBWapump,0.3,0.295995,-0.004005,-1.33,34.1938,34.1938,QUICK_STOP_8s,False,0,False,False
2026-03-09T18:58:52.982473+00:00,2026-03-09T18:59:02.097439+00:00,9.1,Kiri,4vxGcLArevPpD8hhcbRn4D2zzF8kipDJKdNMURFdpump,https://gmgn.ai/sol/token/4vxGcLArevPpD8hhcbRn4D2zzF8kipDJKdNMURFdpump,0.3,0.295995,-0.004005,-1.34,32.2983,32.2983,QUICK_STOP_8s,False,0,False,False
2026-03-09T18:59:06.761478+00:00,2026-03-09T18:59:16.136344+00:00,9.4,FRED,78qu67wtbCmfaw1eHYnSPNKDN6Q1nErJhhFusqUHd4bn,https://gmgn.ai/sol/token/78qu67wtbCmfaw1eHYnSPNKDN6Q1nErJhhFusqUHd4bn,0.3,0.295995,-0.004005,-1.33,34.0441,34.0441,QUICK_STOP_8s,False,0,False,False
2026-03-09T18:59:06.761593+00:00,2026-03-09T18:59:16.138119+00:00,9.4,FRED,48dAyccbucKukBnMaoKoPFhY6cPUgDAXC9BnCy8ypump,https://gmgn.ai/sol/token/48dAyccbucKukBnMaoKoPFhY6cPUgDAXC9BnCy8ypump,0.3,0.295995,-0.004005,-1.33,33.2959,33.2959,QUICK_STOP_8s,False,0,False,False
2026-03-09T18:59:37.757048+00:00,2026-03-09T18:59:46.170965+00:00,8.4,Kiri,C4XZjTtYJHWRuNGfZcgnFbk4dRswgmcbD7mQnV8Upump,https://gmgn.ai/sol/token/C4XZjTtYJHWRuNGfZcgnFbk4dRswgmcbD7mQnV8Upump,0.3,0.295995,-0.004005,-1.33,30.3031,30.3031,QUICK_STOP_8s,False,0,False,False
2026-03-09T18:59:37.757191+00:00,2026-03-09T18:59:46.175260+00:00,8.4,Kiri,EWXhGeAJAy5sN7q5GMoTTg9bshcNXGUJxgDKPweMpump,https://gmgn.ai/sol/token/EWXhGeAJAy5sN7q5GMoTTg9bshcNXGUJxgDKPweMpump,0.3,0.295995,-0.004005,-1.34,32.2983,32.2983,QUICK_STOP_8s,False,0,False,False
2026-03-09T19:00:38.577465+00:00,2026-03-09T19:00:48.298346+00:00,9.7,Frodrick,2vrwoKazntLL1nzY9kyJuUtvnyKFULg7YTSCAvAHpump,https://gmgn.ai/sol/token/2vrwoKazntLL1nzY9kyJuUtvnyKFULg7YTSCAvAHpump,0.3,0.295995,-0.004005,-1.33,33.2959,33.2959,QUICK_STOP_8s,False,0,False,False
2026-03-09T19:00:38.578388+00:00,2026-03-09T19:00:48.299623+00:00,9.7,Frodrick,9S45Jw1bZp5Pwqh5YxkjNS8LMd63BaTPWEAKaNVipump,https://gmgn.ai/sol/token/9S45Jw1bZp5Pwqh5YxkjNS8LMd63BaTPWEAKaNVipump,0.3,0.293025,-0.006975,-2.33,31.9863,31.6664,QUICK_STOP_8s,False,0,False,False
2026-03-09T19:01:03.612541+00:00,2026-03-09T19:01:12.337209+00:00,8.7,Liquid,DLjuGhCu9KzFaovWXrcBwzQsETBndrTveVr8p8WRpump,https://gmgn.ai/sol/token/DLjuGhCu9KzFaovWXrcBwzQsETBndrTveVr8p8WRpump,0.3,0.295995,-0.004005,-1.33,30.3031,30.3031,QUICK_STOP_8s,False,0,False,False
2026-03-09T19:01:03.612697+00:00,2026-03-09T19:01:24.061243+00:00,20.4,Liquid,6KSRoi1cqqf5xzC7gDSz2BcC2fZmq8qReDS2MY1vpump,https://gmgn.ai/sol/token/6KSRoi1cqqf5xzC7gDSz2BcC2fZmq8qReDS2MY1vpump,0.3,0.295995,-0.004005,-1.33,30.3031,30.3031,QUICK_STOP_8s,False,0,False,False
2026-03-09T19:02:19.890205+00:00,2026-03-09T19:02:28.107028+00:00,8.2,MJH,FySScNK5wdWGmNtBVXiuC7CJBJsDKS6BJQLFY8rFpump,https://gmgn.ai/sol/token/FySScNK5wdWGmNtBVXiuC7CJBJsDKS6BJQLFY8rFpump,0.3,0.295995,-0.004005,-1.33,33.2959,33.2959,QUICK_STOP_8s,False,0,False,False
2026-03-09T19:02:19.890424+00:00,2026-03-09T19:02:28.110807+00:00,8.2,MJH,Cdo3ENuuHb2YFm7xgPdQ92GiGW6uEnTPuoPQYnuoCeDG,https://gmgn.ai/sol/token/Cdo3ENuuHb2YFm7xgPdQ92GiGW6uEnTPuoPQYnuoCeDG,0.3,0.295995,-0.004005,-1.33,35.2912,35.2912,QUICK_STOP_8s,False,0,False,False
2026-03-09T19:03:17.532740+00:00,2026-03-09T19:03:26.135687+00:00,8.6,TXDex,3FWK5AF6FNjek8K5QQ1Yv3n8ANPBJeRy6uB8q77cpump,https://gmgn.ai/sol/token/3FWK5AF6FNjek8K5QQ1Yv3n8ANPBJeRy6uB8q77cpump,0.3,0.293025,-0.006975,-2.33,28.9785,28.6888,QUICK_STOP_8s,False,0,False,False
2026-03-09T19:03:56.607483+00:00,2026-03-09T19:04:06.181780+00:00,9.6,TRUMPOIL,CvPBmCKBySBYE2LUhc4ETgrcRSR8HsSBn2hQT73apump,https://gmgn.ai/sol/token/CvPBmCKBySBYE2LUhc4ETgrcRSR8HsSBn2hQT73apump,0.3,0.295995,-0.004005,-1.33,30.3399,30.3399,QUICK_STOP_8s,False,0,False,False
2026-03-09T19:04:01.501898+00:00,2026-03-09T19:04:10.196450+00:00,8.7,GEEP,J9Ng8FjYjW57QXHuonYE52KhvAwWKTdSqjkpZu7F3Zp7,https://gmgn.ai/sol/token/J9Ng8FjYjW57QXHuonYE52KhvAwWKTdSqjkpZu7F3Zp7,0.3,0.295995,-0.004005,-1.33,37.3737,37.3737,QUICK_STOP_8s,False,0,False,False
2026-03-09T19:06:16.208346+00:00,2026-03-09T19:06:24.318979+00:00,8.1,JADA,8ii1Nx9DHhXv5tfB6HZ6SEEQzSoQHKWsuAfVqLn1VYwh,https://gmgn.ai/sol/token/8ii1Nx9DHhXv5tfB6HZ6SEEQzSoQHKWsuAfVqLn1VYwh,0.3,0.295995,-0.004005,-1.33,39.899,39.899,QUICK_STOP_8s,False,0,False,False
2026-03-09T19:06:16.208450+00:00,2026-03-09T19:06:24.321924+00:00,8.1,JADA,4FiBp2BnDfiVYgDvR3rmHU8aHA2eiVeXNSCMTYrqHrx7,https://gmgn.ai/sol/token/4FiBp2BnDfiVYgDvR3rmHU8aHA2eiVeXNSCMTYrqHrx7,0.3,0.295995,-0.004005,-1.33,35.2912,35.2912,QUICK_STOP_8s,False,0,False,False
2026-03-09T19:06:55.391240+00:00,2026-03-09T19:07:04.370530+00:00,9.0,Tom,8iCGKgqStAe4d1Thzqgvweyea9okPsRFHUjApjNvpump,https://gmgn.ai/sol/token/8iCGKgqStAe4d1Thzqgvweyea9okPsRFHUjApjNvpump,0.3,0.295995,-0.004005,-1.33,30.5026,30.5026,QUICK_STOP_8s,False,0,False,False
2026-03-09T19:06:55.391556+00:00,2026-03-09T19:07:04.375464+00:00,9.0,Tom,BqMMb6ejMxwvU7nViPrJe8C55r27AL16fQmtXbU5pump,https://gmgn.ai/sol/token/BqMMb6ejMxwvU7nViPrJe8C55r27AL16fQmtXbU5pump,0.3,0.295995,-0.004005,-1.33,30.8418,30.8418,QUICK_STOP_8s,False,0,False,False
2026-03-09T19:07:07.245003+00:00,2026-03-09T19:07:16.412462+00:00,9.2,HERMES,KfTosrGRtzAutUiyVyybHm4UKrubnEZgWt2aHqApump,https://gmgn.ai/sol/token/KfTosrGRtzAutUiyVyybHm4UKrubnEZgWt2aHqApump,0.3,0.295995,-0.004005,-1.34,31.3805,31.3805,QUICK_STOP_8s,False,0,False,False
2026-03-09T19:07:07.245110+00:00,2026-03-09T19:07:16.416871+00:00,9.2,hermes,4gvi4uSiKRGFSDK8hkFEnEkbHPC7UpAfYXtrCCC1pump,https://gmgn.ai/sol/token/4gvi4uSiKRGFSDK8hkFEnEkbHPC7UpAfYXtrCCC1pump,0.3,0.295995,-0.004005,-1.33,31.3007,31.3007,QUICK_STOP_8s,False,0,False,False
2026-03-09T19:07:32.006692+00:00,2026-03-09T19:07:40.507281+00:00,8.5,PETRO,2vuZ6kzXsqRmwXSWsgpfw4WdtR44UHZYikXytJsJpump,https://gmgn.ai/sol/token/2vuZ6kzXsqRmwXSWsgpfw4WdtR44UHZYikXytJsJpump,0.3,0.295995,-0.004005,-1.33,32.8969,32.8969,QUICK_STOP_8s,False,0,False,False
2026-03-09T19:07:32.006836+00:00,2026-03-09T19:07:40.509284+00:00,8.5,PETRO,FbiYCcikwW1uzZfXHARTaEPaCA8tnXfP3YWtMbWFpump,https://gmgn.ai/sol/token/FbiYCcikwW1uzZfXHARTaEPaCA8tnXfP3YWtMbWFpump,0.3,0.295995,-0.004005,-1.33,31.6162,31.6162,QUICK_STOP_8s,False,0,False,False
2026-03-09T19:07:52.820238+00:00,2026-03-09T19:08:02.532223+00:00,9.7,沒女,ApBL9vkrNVzwxWBcxAMe7jgDSYxWaqE1ku9GPJmQpump,https://gmgn.ai/sol/token/ApBL9vkrNVzwxWBcxAMe7jgDSYxWaqE1ku9GPJmQpump,0.3,0.295995,-0.004005,-1.33,33.2959,33.2959,QUICK_STOP_8s,False,0,False,False
2026-03-09T19:07:57.904294+00:00,2026-03-09T19:08:06.536307+00:00,8.6,FIREMAN,Dh5gMeqTt8JmztRP59w2cci79cYC7VrHTdkN8d6ypump,https://gmgn.ai/sol/token/Dh5gMeqTt8JmztRP59w2cci79cYC7VrHTdkN8d6ypump,0.3,0.293025,-0.006975,-2.33,28.4297,28.1454,QUICK_STOP_8s,False,0,False,False
2026-03-09T19:08:30.971331+00:00,2026-03-09T19:08:40.587959+00:00,9.6,Ape,D7j1uEZyQStxG86d82PFsu8BdCe573o3QBJLMC75pump,https://gmgn.ai/sol/token/D7j1uEZyQStxG86d82PFsu8BdCe573o3QBJLMC75pump,0.3,0.295995,-0.004005,-1.33,30.9016,30.9016,QUICK_STOP_8s,False,0,False,False
2026-03-09T19:08:30.971529+00:00,2026-03-09T19:08:40.591035+00:00,9.6,APE,GBgBQ2SaSwGkbnT8i26yNUBUvux7jj3P4RejtTwtpump,https://gmgn.ai/sol/token/GBgBQ2SaSwGkbnT8i26yNUBUvux7jj3P4RejtTwtpump,0.3,0.295995,-0.004005,-1.34,32.2983,32.2983,QUICK_STOP_8s,False,0,False,False
2026-03-09T19:09:07.070947+00:00,2026-03-09T19:09:16.677122+00:00,9.6,USO,AGiFwMPuMG6Cc9aZ3pRnLPT5FuDZvXJHmy9tGsFXpump,https://gmgn.ai/sol/token/AGiFwMPuMG6Cc9aZ3pRnLPT5FuDZvXJHmy9tGsFXpump,0.3,0.295995,-0.004005,-1.33,30.8018,30.8018,QUICK_STOP_8s,False,0,False,False
2026-03-09T19:09:24.828307+00:00,2026-03-09T19:09:34.709804+00:00,9.9,OILPEPE ,6AqindyBfQo8Z61aaaJttH4ehmnpMVnv9FSiVi3Ppump,https://gmgn.ai/sol/token/6AqindyBfQo8Z61aaaJttH4ehmnpMVnv9FSiVi3Ppump,0.3,0.295995,-0.004005,-1.34,31.6299,31.6299,QUICK_STOP_8s,False,0,False,False
2026-03-09T19:09:24.828412+00:00,2026-03-09T19:09:34.712271+00:00,9.9,OILPEPE,9SY71y6iwHJ55Ph7kuCL2v8oLKkdqoea9vQV6z5Zpump,https://gmgn.ai/sol/token/9SY71y6iwHJ55Ph7kuCL2v8oLKkdqoea9vQV6z5Zpump,0.3,0.295995,-0.004005,-1.33,31.3007,31.3007,QUICK_STOP_8s,False,0,False,False
2026-03-09T19:12:00.714344+00:00,2026-03-09T19:12:08.786666+00:00,8.1,WUNK,HEqW8m7WwRC612dpwr4FQCuEhAm1PzLUP7NAeyvpump,https://gmgn.ai/sol/token/HEqW8m7WwRC612dpwr4FQCuEhAm1PzLUP7NAeyvpump,0.3,0.293025,-0.006975,-2.33,28.4741,28.1894,QUICK_STOP_8s,False,0,False,False
2026-03-09T19:12:03.996876+00:00,2026-03-09T19:12:12.803402+00:00,8.8,eyebrows,3qfxRnpaDwk1xFx5EDjjVV7Eyb9M3ipjLdxKPaLGLn9G,https://gmgn.ai/sol/token/3qfxRnpaDwk1xFx5EDjjVV7Eyb9M3ipjLdxKPaLGLn9G,0.3,0.295995,-0.004005,-1.33,35.2912,35.2912,QUICK_STOP_8s,False,0,False,False
2026-03-09T19:13:41.180701+00:00,2026-03-09T19:13:50.892853+00:00,9.7,Grogu,FRasMcAHeVxoK6qCPWir6rnmf81cqN48azNXqy7Ypump,https://gmgn.ai/sol/token/FRasMcAHeVxoK6qCPWir6rnmf81cqN48azNXqy7Ypump,0.3,0.293025,-0.006975,-2.33,28.4297,28.1454,QUICK_STOP_8s,False,0,False,False
2026-03-09T19:13:47.077746+00:00,2026-03-09T19:13:56.897223+00:00,9.8,POIL,jmSczA5Be3sjr4LeKynu6qrig2ahHs4KUQ7dmy7pump,https://gmgn.ai/sol/token/jmSczA5Be3sjr4LeKynu6qrig2ahHs4KUQ7dmy7pump,0.3,0.293025,-0.006975,-2.33,29.811,29.5128,QUICK_STOP_8s,False,0,False,False
2026-03-09T19:14:03.366996+00:00,2026-03-09T19:14:12.916042+00:00,9.5,War,FNgsTyiR3tnQkE7ajyTAiua7jt7PYBzN4pttXP2gpump,https://gmgn.ai/sol/token/FNgsTyiR3tnQkE7ajyTAiua7jt7PYBzN4pttXP2gpump,0.3,0.295995,-0.004005,-1.34,32.2983,32.2983,QUICK_STOP_8s,False,0,False,False
2026-03-09T19:14:03.367114+00:00,2026-03-09T19:14:12.923052+00:00,9.6,war,9npGcrLNMVkEA67fy99PtRtCCnQeg8MzSopbSVACpump,https://gmgn.ai/sol/token/9npGcrLNMVkEA67fy99PtRtCCnQeg8MzSopbSVACpump,0.3,0.293025,-0.006975,-2.33,28.2498,27.9673,QUICK_STOP_8s,False,0,False,False
2026-03-09T19:14:46.639264+00:00,2026-03-09T19:14:54.943850+00:00,8.3,BLACKROCK,GaRAB4Gm4QmyMuXJn66TdfU3n4iHAdrLoaD44hkhpump,https://gmgn.ai/sol/token/GaRAB4Gm4QmyMuXJn66TdfU3n4iHAdrLoaD44hkhpump,0.3,0.295995,-0.004005,-1.33,32.2973,32.2973,QUICK_STOP_8s,False,0,False,False
2026-03-09T19:15:19.130518+00:00,2026-03-09T19:15:28.961470+00:00,9.8,Liquititty,5c3sGCCryi8frkzhyNRBvx9PuKoWW6xqUdM6wWNQpump,https://gmgn.ai/sol/token/5c3sGCCryi8frkzhyNRBvx9PuKoWW6xqUdM6wWNQpump,0.3,0.295995,-0.004005,-1.33,33.2959,33.2959,QUICK_STOP_8s,False,0,False,False
2026-03-09T19:15:19.130637+00:00,2026-03-09T19:15:28.963749+00:00,9.8,Liquititty,DY7uwLKZ414RUarAtxD7swvPkXK4HeAQQNP73sGBpump,https://gmgn.ai/sol/token/DY7uwLKZ414RUarAtxD7swvPkXK4HeAQQNP73sGBpump,0.3,0.295995,-0.004005,-1.33,28.2454,28.2454,QUICK_STOP_8s,False,0,False,False
2026-03-09T19:15:39.385372+00:00,2026-03-09T19:15:48.968926+00:00,9.6,bentley,HShjbLiNfpSRdEcnGcGWaeXNHyoHSRAcKwc89uqypump,https://gmgn.ai/sol/token/HShjbLiNfpSRdEcnGcGWaeXNHyoHSRAcKwc89uqypump,0.3,0.293025,-0.006975,-2.33,29.1415,28.8501,QUICK_STOP_8s,False,0,False,False
2026-03-09T19:15:39.385486+00:00,2026-03-09T19:15:48.969696+00:00,9.6,bentley,CERShonAMEiG9TkuMBVMtTGnFKWeTizDY37QhbhWpump,https://gmgn.ai/sol/token/CERShonAMEiG9TkuMBVMtTGnFKWeTizDY37QhbhWpump,0.3,0.293025,-0.006975,-2.33,29.1712,28.8795,QUICK_STOP_8s,False,0,False,False
2026-03-09T19:16:53.088750+00:00,2026-03-09T19:17:03.036565+00:00,9.9,Jada,5UkeRVvcffdH9hLGu1ncFDybnKySV6Ww1uZzNMF5pump,https://gmgn.ai/sol/token/5UkeRVvcffdH9hLGu1ncFDybnKySV6Ww1uZzNMF5pump,0.3,0.293025,-0.006975,-2.33,28.6631,28.3765,QUICK_STOP_8s,False,0,False,False
2026-03-09T19:16:53.088872+00:00,2026-03-09T19:17:03.037258+00:00,9.9,Jada,4vrLQhncPAyVKsp2k5FTVYB2CjW2GSxfgRdeGSbGpump,https://gmgn.ai/sol/token/4vrLQhncPAyVKsp2k5FTVYB2CjW2GSxfgRdeGSbGpump,0.3,0.293025,-0.006975,-2.33,28.4297,28.1454,QUICK_STOP_8s,False,0,False,False
2026-03-09T19:17:40.703221+00:00,2026-03-09T19:17:49.151044+00:00,8.4,Aura,GJUA1tDmPnttfsUUh8gz3VJ7z6Su1MtrnYUpZHeQpump,https://gmgn.ai/sol/token/GJUA1tDmPnttfsUUh8gz3VJ7z6Su1MtrnYUpZHeQpump,0.3,0.295995,-0.004005,-1.33,35.2912,35.2912,QUICK_STOP_8s,False,0,False,False
2026-03-09T19:18:29.571650+00:00,2026-03-09T19:18:39.186884+00:00,9.6,BIGFOOT,8gZFXJWbMG3M1Qah9f34xbZkmUwQsawKG6RGahtDR4Sh,https://gmgn.ai/sol/token/8gZFXJWbMG3M1Qah9f34xbZkmUwQsawKG6RGahtDR4Sh,0.3,0.295995,-0.004005,-1.33,32.3232,32.3232,QUICK_STOP_8s,False,0,False,False
2026-03-09T19:18:41.713862+00:00,2026-03-09T19:18:51.230204+00:00,9.5,NeuroSkill,3rD9v9Ysh9w2GsaiFZdi1FsUZycP5eqsiZ15i6tuT7h6,https://gmgn.ai/sol/token/3rD9v9Ysh9w2GsaiFZdi1FsUZycP5eqsiZ15i6tuT7h6,0.3,0.295995,-0.004005,-1.33,35.2912,35.2912,QUICK_STOP_8s,False,0,False,False
2026-03-09T19:18:41.713977+00:00,2026-03-09T19:18:51.232391+00:00,9.5,NEUROSKILL,DuPmmdJaqWUpgbUDqmgYBCYNyySMYrGQ391G9fjYpump,https://gmgn.ai/sol/token/DuPmmdJaqWUpgbUDqmgYBCYNyySMYrGQ391G9fjYpump,0.3,0.295995,-0.004005,-1.33,36.2888,36.2888,QUICK_STOP_8s,False,0,False,False
2026-03-09T19:19:32.656617+00:00,2026-03-09T19:19:41.271679+00:00,8.6,EMOJI,HJWcikngsoCu9iWje787dp1tt9nM4iKyhu25xvtNpump,https://gmgn.ai/sol/token/HJWcikngsoCu9iWje787dp1tt9nM4iKyhu25xvtNpump,0.3,0.295995,-0.004005,-1.33,31.3007,31.3007,QUICK_STOP_8s,False,0,False,False
2026-03-09T19:19:32.656722+00:00,2026-03-09T19:19:41.274146+00:00,8.6,Emoji,5xGAY6UJUkniucLpYsL5e2VC3GedJBwjFE7xkDrBpump,https://gmgn.ai/sol/token/5xGAY6UJUkniucLpYsL5e2VC3GedJBwjFE7xkDrBpump,0.3,0.295995,-0.004005,-1.33,31.3007,31.3007,QUICK_STOP_8s,False,0,False,False
2026-03-09T19:20:06.328888+00:00,2026-03-09T19:20:15.303751+00:00,9.0,LIFE,9X8jzZsL9qxEB9nafhEjHLtjdmzErq9EpEV5Krndpump,https://gmgn.ai/sol/token/9X8jzZsL9qxEB9nafhEjHLtjdmzErq9EpEV5Krndpump,0.3,0.295995,-0.004005,-1.33,30.7021,30.7021,QUICK_STOP_8s,False,0,False,False
2026-03-09T19:20:06.329057+00:00,2026-03-09T19:20:15.312460+00:00,9.0,LIFE,E4itKLedYiKpHxyZyttUSEvNH9J5awQohmAyKesApump,https://gmgn.ai/sol/token/E4itKLedYiKpHxyZyttUSEvNH9J5awQohmAyKesApump,0.3,0.295995,-0.004005,-1.33,33.2959,33.2959,QUICK_STOP_8s,False,0,False,False
2026-03-09T19:21:11.890482+00:00,2026-03-09T19:21:21.367210+00:00,9.5,Bomber,9gzAgorUsAnDw412GSTHSU6L32T49GjDsfACrJ4K6nzC,https://gmgn.ai/sol/token/9gzAgorUsAnDw412GSTHSU6L32T49GjDsfACrJ4K6nzC,0.3,0.295995,-0.004005,-1.33,30.303,30.303,QUICK_STOP_8s,False,0,False,False
2026-03-09T19:21:11.890647+00:00,2026-03-09T19:21:21.377414+00:00,9.5,Bomber,5GHUJoeTB6QbAFv8Brg4c7SqfAStAaLiNhUdKuHL3eMu,https://gmgn.ai/sol/token/5GHUJoeTB6QbAFv8Brg4c7SqfAStAaLiNhUdKuHL3eMu,0.3,0.295995,-0.004005,-1.33,30.303,30.303,QUICK_STOP_8s,False,0,False,False
2026-03-09T19:22:08.924576+00:00,2026-03-09T19:22:17.415578+00:00,8.5,PEACE,EQ8YfhkSQ1SHwzuhfag3nQ6sAKAA3RHbeKqPYgzgpump,https://gmgn.ai/sol/token/EQ8YfhkSQ1SHwzuhfag3nQ6sAKAA3RHbeKqPYgzgpump,0.3,0.295995,-0.004005,-1.33,32.3232,32.3232,QUICK_STOP_8s,False,0,False,False
2026-03-09T19:22:08.924727+00:00,2026-03-09T19:22:17.424500+00:00,8.5,PEACE,5TDnS35NxzPLe9yDQ4H3Kta1L3NTDHS66pAUEDfNpump,https://gmgn.ai/sol/token/5TDnS35NxzPLe9yDQ4H3Kta1L3NTDHS66pAUEDfNpump,0.3,0.295995,-0.004005,-1.33,33.3333,33.3333,QUICK_STOP_8s,False,0,False,False
2026-03-09T19:22:31.065513+00:00,2026-03-09T19:22:39.444118+00:00,8.4,Mr.Meme,Gn63mvLe4SdkqGp8PuWaALJF3U9PGoacS3f1pSd6pump,https://gmgn.ai/sol/token/Gn63mvLe4SdkqGp8PuWaALJF3U9PGoacS3f1pSd6pump,0.3,0.295995,-0.004005,-1.33,30.313,30.313,QUICK_STOP_8s,False,0,False,False
2026-03-09T19:22:49.575385+00:00,2026-03-09T19:22:59.469206+00:00,9.9,Quantent ,CtxUBEZqaacNWXBg4DcxQJGaSmL3SLMNHS1cTFMmpump,https://gmgn.ai/sol/token/CtxUBEZqaacNWXBg4DcxQJGaSmL3SLMNHS1cTFMmpump,0.3,0.295995,-0.004005,-1.33,31.3007,31.3007,QUICK_STOP_8s,False,0,False,False
2026-03-09T19:22:51.639024+00:00,2026-03-09T19:23:01.474145+00:00,9.8,Jada,42FDbZdFwJihvnaDEdXWWiFTHdoPyMnY2DqZjdphpump,https://gmgn.ai/sol/token/42FDbZdFwJihvnaDEdXWWiFTHdoPyMnY2DqZjdphpump,0.3,0.295995,-0.004005,-1.33,31.3007,31.3007,QUICK_STOP_8s,False,0,False,False
2026-03-09T19:23:38.718095+00:00,2026-03-09T19:23:47.512654+00:00,8.8,PEACE,Dt7wsCZMA8vUuE2vqPg62H4eEhuJak42FnG6NtNppump,https://gmgn.ai/sol/token/Dt7wsCZMA8vUuE2vqPg62H4eEhuJak42FnG6NtNppump,0.3,0.295995,-0.004005,-1.33,33.3152,33.3152,QUICK_STOP_8s,False,0,False,False
2026-03-09T19:23:38.718245+00:00,2026-03-09T19:23:47.513678+00:00,8.8,PEACE,DkQE4rmErnG8b9wzJ6Rk6Xf5mS7n8cnHYRVREzW5pump,https://gmgn.ai/sol/token/DkQE4rmErnG8b9wzJ6Rk6Xf5mS7n8cnHYRVREzW5pump,0.3,0.293025,-0.006975,-2.33,28.4297,28.1454,QUICK_STOP_8s,False,0,False,False
2026-03-09T19:25:09.042182+00:00,2026-03-09T19:25:17.560802+00:00,8.5,Orclave ,13NgjETgC9Kus2srvEgCGhgkqqNRfCbmgTdFUULRpump,https://gmgn.ai/sol/token/13NgjETgC9Kus2srvEgCGhgkqqNRfCbmgTdFUULRpump,0.3,0.293025,-0.006975,-2.33,28.2536,27.9711,QUICK_STOP_8s,False,0,False,False
2026-03-09T19:25:09.042806+00:00,2026-03-09T19:25:17.567550+00:00,8.5,Orclave ,13XU4uecTF5dw77hG5kTqNpx88uiikmkPA3xViwGpump,https://gmgn.ai/sol/token/13XU4uecTF5dw77hG5kTqNpx88uiikmkPA3xViwGpump,0.3,0.293025,-0.006975,-2.33,28.2884,28.0055,QUICK_STOP_8s,False,0,False,False
2026-03-09T19:25:20.201517+00:00,2026-03-09T19:25:29.599601+00:00,9.4,OIL,8y48SUF5U21Q3m64pzBMF4Z4GR6stmuFndaqm8rXpump,https://gmgn.ai/sol/token/8y48SUF5U21Q3m64pzBMF4Z4GR6stmuFndaqm8rXpump,0.3,0.295995,-0.004005,-1.33,30.4162,30.4162,QUICK_STOP_8s,False,0,False,False
2026-03-09T19:25:20.201746+00:00,2026-03-09T19:25:29.607775+00:00,9.4,Oil,8NKeRPiTkUqixptk4DMiTUUFm7paoGk1rsu12gfZpump,https://gmgn.ai/sol/token/8NKeRPiTkUqixptk4DMiTUUFm7paoGk1rsu12gfZpump,0.3,0.295995,-0.004005,-1.33,31.3007,31.3007,QUICK_STOP_8s,False,0,False,False
2026-03-09T19:25:40.809380+00:00,2026-03-09T19:25:49.627919+00:00,8.8,PEACE,BstN7TkUCKiEoxjHWs3sPTXKGe3f5uD92s5o2ARcvXiJ,https://gmgn.ai/sol/token/BstN7TkUCKiEoxjHWs3sPTXKGe3f5uD92s5o2ARcvXiJ,0.3,0.295995,-0.004005,-1.33,1.0101,1.0101,QUICK_STOP_8s,False,0,False,False
2026-03-09T19:25:40.809521+00:00,2026-03-09T19:25:49.628409+00:00,8.8,PEACE,9V6HFeDZYUWetqizXVvEKSQnzBH7xSkE1DYZMm3Cpump,https://gmgn.ai/sol/token/9V6HFeDZYUWetqizXVvEKSQnzBH7xSkE1DYZMm3Cpump,0.3,0.293025,-0.006975,-2.33,28.4297,28.1454,QUICK_STOP_8s,False,0,False,False
2026-03-09T19:26:01.447539+00:00,2026-03-09T19:26:09.647783+00:00,8.2,Orclave ,13m5taRavHWELi3E9bZDD4rjPyWqNxX3jMxMYxN1pump,https://gmgn.ai/sol/token/13m5taRavHWELi3E9bZDD4rjPyWqNxX3jMxMYxN1pump,0.3,0.293025,-0.006975,-2.33,28.6194,28.3332,QUICK_STOP_8s,False,0,False,False
2026-03-09T19:27:53.508815+00:00,2026-03-09T19:28:01.714889+00:00,8.2,NASDANQ,7RnMrD5iKoB7EXjJTn4fdzsvFhJrCvAd72VdDX2Upump,https://gmgn.ai/sol/token/7RnMrD5iKoB7EXjJTn4fdzsvFhJrCvAd72VdDX2Upump,0.3,0.295995,-0.004005,-1.33,32.0988,32.0988,QUICK_STOP_8s,False,0,False,False
2026-03-09T19:28:28.406899+00:00,2026-03-09T19:28:37.743142+00:00,9.3,PROHUMAN,GHRnH1KkGQRnmGPDT2a2phiixi1fDzvLNEn2RmR5Rjet,https://gmgn.ai/sol/token/GHRnH1KkGQRnmGPDT2a2phiixi1fDzvLNEn2RmR5Rjet,0.3,0.293025,-0.006975,-2.33,30.7068,30.3997,QUICK_STOP_8s,False,0,False,False
2026-03-09T19:28:28.407122+00:00,2026-03-09T19:28:37.750023+00:00,9.3,PROHUMAN,6ssx1JaaN6DeWQ6fJv2VD1H3ub2sb5xuzSUNb8PDpump,https://gmgn.ai/sol/token/6ssx1JaaN6DeWQ6fJv2VD1H3ub2sb5xuzSUNb8PDpump,0.3,0.293025,-0.006975,-2.33,28.2515,27.969,QUICK_STOP_8s,False,0,False,False
2026-03-09T19:29:14.159425+00:00,2026-03-09T19:29:23.794057+00:00,9.6,level618,3vRPGGNM88F6eKqJg1ibEQcdwcbPVFo5E3rHy3gXpump,https://gmgn.ai/sol/token/3vRPGGNM88F6eKqJg1ibEQcdwcbPVFo5E3rHy3gXpump,0.3,0.295995,-0.004005,-1.33,31.1111,31.1111,QUICK_STOP_8s,False,0,False,False
2026-03-09T19:29:14.308641+00:00,2026-03-09T19:29:23.803093+00:00,9.5,SEEDOIL,FYeSRoot7SQpXDZ5LRJLLYugjjGxG1ywL9hQsD5Tpump,https://gmgn.ai/sol/token/FYeSRoot7SQpXDZ5LRJLLYugjjGxG1ywL9hQsD5Tpump,0.3,0.295995,-0.004005,-1.33,32.0988,32.0988,QUICK_STOP_8s,False,0,False,False
2026-03-09T19:29:33.275570+00:00,2026-03-09T19:29:41.882635+00:00,8.6,PEBBLES,9cGrEEWFKPVimB3BZg1W7bPdwVzZzjG9zvDNe8NQpump,https://gmgn.ai/sol/token/9cGrEEWFKPVimB3BZg1W7bPdwVzZzjG9zvDNe8NQpump,0.3,0.295995,-0.004005,-1.33,32.7971,32.7971,QUICK_STOP_8s,False,0,False,False
2026-03-09T19:29:33.275745+00:00,2026-03-09T19:29:41.891499+00:00,8.6,PEBBLES,8bzV3fPPZMm1DNYjdjP7f2aCN669CLMRqRFz59T9pump,https://gmgn.ai/sol/token/8bzV3fPPZMm1DNYjdjP7f2aCN669CLMRqRFz59T9pump,0.3,0.295995,-0.004005,-1.34,32.2983,32.2983,QUICK_STOP_8s,False,0,False,False
2026-03-09T19:30:05.079940+00:00,2026-03-09T19:30:13.911449+00:00,8.8, Zeron,6iu1EbwhHGZNhgYGZ5fvYLT1V8LjYRkAEX4r1AA6pump,https://gmgn.ai/sol/token/6iu1EbwhHGZNhgYGZ5fvYLT1V8LjYRkAEX4r1AA6pump,0.3,0.293025,-0.006975,-2.33,28.6275,28.3412,QUICK_STOP_8s,False,0,False,False
2026-03-09T19:31:00.286336+00:00,2026-03-09T19:31:10.262012+00:00,10.0,wunk,23KneDaKCDD9XyE9jgCCWBdFcFMhpojvDGCaLRh6pump,https://gmgn.ai/sol/token/23KneDaKCDD9XyE9jgCCWBdFcFMhpojvDGCaLRh6pump,0.3,0.295995,-0.004005,-1.33,32.4978,32.4978,QUICK_STOP_8s,False,0,False,False
2026-03-09T19:32:07.080990+00:00,2026-03-09T19:32:16.356731+00:00,9.3,SYNTHESIS,3mcULHupktNBF2b4Z8VYem8FECPqYDYCpj58Ueinpump,https://gmgn.ai/sol/token/3mcULHupktNBF2b4Z8VYem8FECPqYDYCpj58Ueinpump,0.3,0.295995,-0.004005,-1.33,31.0014,31.0014,QUICK_STOP_8s,False,0,False,False
2026-03-09T19:32:47.988766+00:00,2026-03-09T19:32:56.433450+00:00,8.4,peace,9fmAGfcKqsFj82qPrTZYpACCxuyWcrasx9P6KyySpump,https://gmgn.ai/sol/token/9fmAGfcKqsFj82qPrTZYpACCxuyWcrasx9P6KyySpump,0.3,0.295995,-0.004005,-1.33,33.3333,33.3333,QUICK_STOP_8s,False,0,False,False
2026-03-09T19:32:47.989098+00:00,2026-03-09T19:32:56.435292+00:00,8.4,PEACE,DSbaiHvybKXrMP7NmWKkm3XJdt4rH63vmC89AibTpump,https://gmgn.ai/sol/token/DSbaiHvybKXrMP7NmWKkm3XJdt4rH63vmC89AibTpump,0.3,0.295995,-0.004005,-1.33,35.2424,35.2424,QUICK_STOP_8s,False,0,False,False
2026-03-09T19:33:15.722033+00:00,2026-03-09T19:33:24.459515+00:00,8.7,David Jr,8s8hT8rYYhkpGawkCY9H1UoJTP4b9wABpwpDSY4Xpump,https://gmgn.ai/sol/token/8s8hT8rYYhkpGawkCY9H1UoJTP4b9wABpwpDSY4Xpump,0.3,0.295995,-0.004005,-1.33,33.5254,33.5254,QUICK_STOP_8s,False,0,False,False
2026-03-09T19:34:12.803550+00:00,2026-03-09T19:34:22.567154+00:00,9.8,oyl,ExP3cRwHcWxT7KerXNstg9yToo5CBt9XYNyJDs4kpump,https://gmgn.ai/sol/token/ExP3cRwHcWxT7KerXNstg9yToo5CBt9XYNyJDs4kpump,0.3,0.295995,-0.004005,-1.33,31.6162,31.6162,QUICK_STOP_8s,False,0,False,False
2026-03-09T19:34:12.803687+00:00,2026-03-09T19:34:22.570224+00:00,9.8,OYL,DDEaEvogRbjakcUivdVPCuEcGLzDftudqvmGxUrzpump,https://gmgn.ai/sol/token/DDEaEvogRbjakcUivdVPCuEcGLzDftudqvmGxUrzpump,0.3,0.295995,-0.004005,-1.33,30.5026,30.5026,QUICK_STOP_8s,False,0,False,False
2026-03-09T19:34:22.967856+00:00,2026-03-09T19:34:32.589244+00:00,9.6,PENG,Hrarxo3jp4Sv92qRmtLnt2xj9Rr45sGZX5M5GWYnpump,https://gmgn.ai/sol/token/Hrarxo3jp4Sv92qRmtLnt2xj9Rr45sGZX5M5GWYnpump,0.3,0.295995,-0.004005,-1.33,31.3007,31.3007,QUICK_STOP_8s,False,0,False,False
2026-03-09T19:34:45.549389+00:00,2026-03-09T19:34:54.614119+00:00,9.1,Forehead,ByZJ9yXxb3NUVYyfTWzTxoE4wnEhUwTvnHgKpqb9pump,https://gmgn.ai/sol/token/ByZJ9yXxb3NUVYyfTWzTxoE4wnEhUwTvnHgKpqb9pump,0.3,0.295995,-0.004005,-1.33,30.6023,30.6023,QUICK_STOP_8s,False,0,False,False
2026-03-09T19:35:01.066540+00:00,2026-03-09T19:35:10.638692+00:00,9.6,APE,J1TJdfmE6ZtxFfETgUW6sN72reFhWXWmNjfp8xm7pump,https://gmgn.ai/sol/token/J1TJdfmE6ZtxFfETgUW6sN72reFhWXWmNjfp8xm7pump,0.3,0.295995,-0.004005,-1.33,30.8018,30.8018,QUICK_STOP_8s,False,0,False,False
2026-03-09T19:37:36.451441+00:00,2026-03-09T19:37:44.764543+00:00,8.3,HITL,15UFPNeQ8LCFqjhLtfNkny2zgGo1aMCQw7pQ29ppump,https://gmgn.ai/sol/token/15UFPNeQ8LCFqjhLtfNkny2zgGo1aMCQw7pQ29ppump,0.3,0.295995,-0.004005,-1.33,32.3232,32.3232,QUICK_STOP_8s,False,0,False,False
2026-03-09T19:37:45.290728+00:00,2026-03-09T19:37:54.785303+00:00,9.5,HUMANLESS,51ebfZ8HMsdQ3HGGkSGazNBMoPAquLPTb9AgqsZbonk,https://gmgn.ai/sol/token/51ebfZ8HMsdQ3HGGkSGazNBMoPAquLPTb9AgqsZbonk,0.3,0.295995,-0.004005,-1.33,1.0101,1.0101,QUICK_STOP_8s,False,0,False,False
2026-03-09T19:37:45.290874+00:00,2026-03-09T19:37:54.787163+00:00,9.5,HUMANLESS,E2rFAEYRB5ZxFRNTcpKv7axdBQo4etNyLCCP1eoBpump,https://gmgn.ai/sol/token/E2rFAEYRB5ZxFRNTcpKv7axdBQo4etNyLCCP1eoBpump,0.3,0.295995,-0.004005,-1.33,33.2959,33.2959,QUICK_STOP_8s,False,0,False,False
2026-03-09T19:38:00.247654+00:00,2026-03-09T19:38:08.816174+00:00,8.6,Bomber,7dnnTFFpBBHFR5KycYtBu1RQKSRs9K3jXXzEkJYAxLma,https://gmgn.ai/sol/token/7dnnTFFpBBHFR5KycYtBu1RQKSRs9K3jXXzEkJYAxLma,0.3,0.295995,-0.004005,-1.33,30.303,30.303,QUICK_STOP_8s,False,0,False,False
2026-03-09T19:38:00.247762+00:00,2026-03-09T19:38:08.818560+00:00,8.6,Bomber,JAybypQaSWuHtx1SxVb5KJi4DwBsQAAKQLoDiNtZC21j,https://gmgn.ai/sol/token/JAybypQaSWuHtx1SxVb5KJi4DwBsQAAKQLoDiNtZC21j,0.3,0.295995,-0.004005,-1.33,30.303,30.303,QUICK_STOP_8s,False,0,False,False
2026-03-09T19:39:02.423550+00:00,2026-03-09T19:39:10.850905+00:00,8.4,Kova,9TMjfbpubUrK7wuMeUeN8cKM4A4zyrVNdkgZBC4jpump,https://gmgn.ai/sol/token/9TMjfbpubUrK7wuMeUeN8cKM4A4zyrVNdkgZBC4jpump,0.3,0.293025,-0.006975,-2.33,29.0664,28.7758,QUICK_STOP_8s,False,0,False,False
2026-03-09T19:39:18.759020+00:00,2026-03-09T19:39:26.868367+00:00,8.1,Chiroru,GETqB8i9TCb5HJfzj5Ap7wU7969URxgZYwypdE1opump,https://gmgn.ai/sol/token/GETqB8i9TCb5HJfzj5Ap7wU7969URxgZYwypdE1opump,0.3,0.295995,-0.004005,-1.33,31.1809,31.1809,QUICK_STOP_8s,False,0,False,False
2026-03-09T19:39:25.636082+00:00,2026-03-09T19:39:34.885576+00:00,9.2,PEPTOSHI,GBpitb4EByxkJzmegUX2ucCRZKeUCZxhNzsUrJzrpump,https://gmgn.ai/sol/token/GBpitb4EByxkJzmegUX2ucCRZKeUCZxhNzsUrJzrpump,0.3,0.295995,-0.004005,-1.33,30.5125,30.5125,QUICK_STOP_8s,False,0,False,False
2026-03-09T19:40:26.107539+00:00,2026-03-09T19:40:34.962994+00:00,8.9,oyl,E2QKjfrLo3Bcs7bmnCUeiZKjo2kUmVuYcXLLe3ctpump,https://gmgn.ai/sol/token/E2QKjfrLo3Bcs7bmnCUeiZKjo2kUmVuYcXLLe3ctpump,0.3,0.295995,-0.004005,-1.33,31.7995,31.7995,QUICK_STOP_8s,False,0,False,False
2026-03-09T19:40:26.107675+00:00,2026-03-09T19:40:34.965184+00:00,8.9,OYL,8qnah2qWZju9aiVUxJ1Fhmpk1yVecvFCerm4sEfPpump,https://gmgn.ai/sol/token/8qnah2qWZju9aiVUxJ1Fhmpk1yVecvFCerm4sEfPpump,0.3,0.295995,-0.004005,-1.33,31.3007,31.3007,QUICK_STOP_8s,False,0,False,False
2026-03-09T19:40:55.201009+00:00,2026-03-09T19:41:05.011103+00:00,9.8,Tova,eQ1p6LVnfZJRd5WSFyMfpSXMgPpb6Qq12d46kFYpump,https://gmgn.ai/sol/token/eQ1p6LVnfZJRd5WSFyMfpSXMgPpb6Qq12d46kFYpump,0.3,0.295995,-0.004005,-1.33,32.9966,32.9966,QUICK_STOP_8s,False,0,False,False
2026-03-09T19:40:55.201126+00:00,2026-03-09T19:41:05.015001+00:00,9.8,Tova,DSGPShpRUKAQkot2QyEgCSPqU31qTcTg5f4psphEMMZ4,https://gmgn.ai/sol/token/DSGPShpRUKAQkot2QyEgCSPqU31qTcTg5f4psphEMMZ4,0.3,0.295995,-0.004005,-1.33,34.8485,34.8485,QUICK_STOP_8s,False,0,False,False
2026-03-09T19:41:24.650994+00:00,2026-03-09T19:41:33.112917+00:00,8.5,MONKEY,2ddN5bPNwJKwg429r3nZgfHf4i6R51CDsiJTZMMxpump,https://gmgn.ai/sol/token/2ddN5bPNwJKwg429r3nZgfHf4i6R51CDsiJTZMMxpump,0.3,0.295995,-0.004005,-1.33,34.1938,34.1938,QUICK_STOP_8s,False,0,False,False
2026-03-09T19:41:24.651140+00:00,2026-03-09T19:41:33.114948+00:00,8.5,MONKEY,9hnCj5HbDBViHK4117beB6W2VVQgHktTph4hF57Npump,https://gmgn.ai/sol/token/9hnCj5HbDBViHK4117beB6W2VVQgHktTph4hF57Npump,0.3,0.295995,-0.004005,-1.33,30.6061,30.6061,QUICK_STOP_8s,False,0,False,False
2026-03-09T19:41:40.609200+00:00,2026-03-09T19:41:49.149907+00:00,8.5,SOIL,CP1nJF6ByNXeFFVVmgkekdTcdFpEokkoRsnbXoh2pump,https://gmgn.ai/sol/token/CP1nJF6ByNXeFFVVmgkekdTcdFpEokkoRsnbXoh2pump,0.3,0.295995,-0.004005,-1.33,31.5002,31.5002,QUICK_STOP_8s,False,0,False,False
2026-03-09T19:41:40.609378+00:00,2026-03-09T19:41:49.154481+00:00,8.5,SOIL,5WnVib1CHh4we79y76VJLf8znRxuRVtxptdhF725pump,https://gmgn.ai/sol/token/5WnVib1CHh4we79y76VJLf8znRxuRVtxptdhF725pump,0.3,0.295995,-0.004005,-1.33,31.3007,31.3007,QUICK_STOP_8s,False,0,False,False
2026-03-09T19:42:42.882601+00:00,2026-03-09T19:42:51.205621+00:00,8.3,Lala,E5vhC2h7yAf31uPnrW9GFoPQbZPpNJAEjJDrUk3Epump,https://gmgn.ai/sol/token/E5vhC2h7yAf31uPnrW9GFoPQbZPpNJAEjJDrUk3Epump,0.3,0.295995,-0.004005,-1.33,30.313,30.313,QUICK_STOP_8s,False,0,False,False
2026-03-09T19:43:20.732089+00:00,2026-03-09T19:43:29.248787+00:00,8.5,Smiley,5zLeP7F81xDwT4UBfKWmp4siqoYGo2Ribcvxaerkpump,https://gmgn.ai/sol/token/5zLeP7F81xDwT4UBfKWmp4siqoYGo2Ribcvxaerkpump,0.3,0.293025,-0.006975,-2.33,28.4297,28.1454,QUICK_STOP_8s,False,0,False,False
2026-03-09T19:43:32.562779+00:00,2026-03-09T19:43:41.274108+00:00,8.7,SOIL,A1p6gzVkUY1eqgx2EqFJ24wqwtFbHLTZz2f6SRbSpump,https://gmgn.ai/sol/token/A1p6gzVkUY1eqgx2EqFJ24wqwtFbHLTZz2f6SRbSpump,0.3,0.295995,-0.004005,-1.33,31.3007,31.3007,QUICK_STOP_8s,False,0,False,False
2026-03-09T19:43:32.562920+00:00,2026-03-09T19:43:41.276884+00:00,8.7,SOIL,DKr8KSfNdxW7A9akeCKUv7wDhYAZSNS72iYrdFizpump,https://gmgn.ai/sol/token/DKr8KSfNdxW7A9akeCKUv7wDhYAZSNS72iYrdFizpump,0.3,0.295995,-0.004005,-1.33,31.3007,31.3007,QUICK_STOP_8s,False,0,False,False
2026-03-09T19:44:38.411140+00:00,2026-03-09T19:44:47.343600+00:00,8.9,SOIL,5iFsBZrGpQXJ9f1fe8n6t42Vx5ZWX6q3XtASTQaBpump,https://gmgn.ai/sol/token/5iFsBZrGpQXJ9f1fe8n6t42Vx5ZWX6q3XtASTQaBpump,0.3,0.295995,-0.004005,-1.33,31.3007,31.3007,QUICK_STOP_8s,False,0,False,False
2026-03-09T19:44:38.411255+00:00,2026-03-09T19:44:47.346896+00:00,8.9,SOIL,CZjABuFsTZ9AhwfkWotAgVVhQVYyhB3ZDFadE8fgpump,https://gmgn.ai/sol/token/CZjABuFsTZ9AhwfkWotAgVVhQVYyhB3ZDFadE8fgpump,0.3,0.295995,-0.004005,-1.33,31.3007,31.3007,QUICK_STOP_8s,False,0,False,False
2026-03-09T19:45:18.412090+00:00,2026-03-09T19:45:27.401276+00:00,9.0,Garden,F3DYdKtZNxTpsUjuUtTDYr3t74X3YTsDiUxcFxyKpump,https://gmgn.ai/sol/token/F3DYdKtZNxTpsUjuUtTDYr3t74X3YTsDiUxcFxyKpump,0.3,0.295995,-0.004005,-1.34,34.0909,34.0909,QUICK_STOP_8s,False,0,False,False
2026-03-09T19:45:18.412209+00:00,2026-03-09T19:45:27.404093+00:00,9.0,Garden,FD5ceiFpueJjFh8sGeFgviALzfFeSa7y4LMSJJRNpump,https://gmgn.ai/sol/token/FD5ceiFpueJjFh8sGeFgviALzfFeSa7y4LMSJJRNpump,0.3,0.293025,-0.006975,-2.33,28.2418,27.9594,QUICK_STOP_8s,False,0,False,False
2026-03-09T19:45:52.312219+00:00,2026-03-09T19:46:01.430323+00:00,9.1,AD,2xiWvdGBzhYQHqZR1BstrLzi6j5q3GL9f1DE4YLHpump,https://gmgn.ai/sol/token/2xiWvdGBzhYQHqZR1BstrLzi6j5q3GL9f1DE4YLHpump,0.3,0.295995,-0.004005,-1.33,32.9966,32.9966,QUICK_STOP_8s,False,0,False,False
2026-03-09T19:46:10.492313+00:00,2026-03-09T19:46:19.472748+00:00,9.0,Garden,ACEvMg6bynF2WhfJB4Haq4iYWLkoUMjJEHPLoM8jpump,https://gmgn.ai/sol/token/ACEvMg6bynF2WhfJB4Haq4iYWLkoUMjJEHPLoM8jpump,0.3,0.295995,-0.004005,-1.33,30.304,30.304,QUICK_STOP_8s,False,0,False,False
2026-03-09T19:46:10.492419+00:00,2026-03-09T19:46:19.475182+00:00,9.0,Garden,CEZ16ovLqP6D38mrduCECCxze1UExpeRsFbMTExypump,https://gmgn.ai/sol/token/CEZ16ovLqP6D38mrduCECCxze1UExpeRsFbMTExypump,0.3,0.295995,-0.004005,-1.33,30.304,30.304,QUICK_STOP_8s,False,0,False,False
2026-03-09T19:46:25.589284+00:00,2026-03-09T19:46:35.507144+00:00,9.9,Yoshi,BVmnz5EnZVeBHCQ3FUGeW59uRj2T4vLcYV1rr78Z8QB5,https://gmgn.ai/sol/token/BVmnz5EnZVeBHCQ3FUGeW59uRj2T4vLcYV1rr78Z8QB5,0.3,0.295995,-0.004005,-1.33,35.2912,35.2912,QUICK_STOP_8s,False,0,False,False
2026-03-09T19:46:25.589377+00:00,2026-03-09T19:46:35.511246+00:00,9.9,Yoshi,D586mLuJ8oUMZQ2Q6PshwGKyGJZSpxp4u16dFHADpF1Y,https://gmgn.ai/sol/token/D586mLuJ8oUMZQ2Q6PshwGKyGJZSpxp4u16dFHADpF1Y,0.3,0.295995,-0.004005,-1.33,35.2912,35.2912,QUICK_STOP_8s,False,0,False,False
2026-03-09T19:47:53.661917+00:00,2026-03-09T19:48:03.595562+00:00,9.9,OILCOIN,9pK55t763xqMt99CmtAQSfiWay8bQ3Y2RyVg5eZPpump,https://gmgn.ai/sol/token/9pK55t763xqMt99CmtAQSfiWay8bQ3Y2RyVg5eZPpump,0.3,0.295995,-0.004005,-1.33,31.2997,31.2997,QUICK_STOP_8s,False,0,False,False
2026-03-09T19:47:59.002247+00:00,2026-03-09T19:48:07.603594+00:00,8.6,JONATHAN,4gNtb2D6n8PC8ZmaqngRvRAQdXubT1kLMo5iuxZ7pump,https://gmgn.ai/sol/token/4gNtb2D6n8PC8ZmaqngRvRAQdXubT1kLMo5iuxZ7pump,0.3,0.295995,-0.004005,-1.33,30.404,30.404,QUICK_STOP_8s,False,0,False,False
2026-03-09T19:48:17.730263+00:00,2026-03-09T19:48:27.633645+00:00,9.9,MIKU,EguGd6wsLBsFkx9HsQvb9evZFvjyN4a8882hrQfrpump,https://gmgn.ai/sol/token/EguGd6wsLBsFkx9HsQvb9evZFvjyN4a8882hrQfrpump,0.3,0.295995,-0.004005,-1.33,33.3333,33.3333,QUICK_STOP_8s,False,0,False,False
2026-03-09T19:48:21.306547+00:00,2026-03-09T19:48:29.637125+00:00,8.3,Brainfry,2sQRA6RWLPcXmMruuATNJxgxbckqEVrE4XzVY2vxpump,https://gmgn.ai/sol/token/2sQRA6RWLPcXmMruuATNJxgxbckqEVrE4XzVY2vxpump,0.3,0.295995,-0.004005,-1.33,30.404,30.404,QUICK_STOP_8s,False,0,False,False
2026-03-09T19:48:41.716257+00:00,2026-03-09T19:48:49.826937+00:00,8.1,Brainfry,7Mvz3uMgx7zJRb94cXKQVdBYRcLUiKN8puUHsKL4pump,https://gmgn.ai/sol/token/7Mvz3uMgx7zJRb94cXKQVdBYRcLUiKN8puUHsKL4pump,0.3,0.295995,-0.004005,-1.33,30.404,30.404,QUICK_STOP_8s,False,0,False,False
2026-03-09T19:48:41.716403+00:00,2026-03-09T19:48:49.829974+00:00,8.1,Brainfry,7hh29zYUd2ytbvg1xZcWEKazVhZgh8USySVDbsJpump,https://gmgn.ai/sol/token/7hh29zYUd2ytbvg1xZcWEKazVhZgh8USySVDbsJpump,0.3,0.295995,-0.004005,-1.33,30.404,30.404,QUICK_STOP_8s,False,0,False,False
2026-03-09T19:49:00.919863+00:00,2026-03-09T19:49:09.855332+00:00,8.9,Distorted,6vAFZyqWHzh6EbmSUPA7PkubysVET61D1kacJ6Ufpump,https://gmgn.ai/sol/token/6vAFZyqWHzh6EbmSUPA7PkubysVET61D1kacJ6Ufpump,0.3,0.295995,-0.004005,-1.33,33.3333,33.3333,QUICK_STOP_8s,False,0,False,False
2026-03-09T19:49:00.919971+00:00,2026-03-09T19:49:09.858433+00:00,8.9,Distorted,Cnyp5jPQYkC5sEiF2ARuzJGddtFb7AejT9HJKqGE38RM,https://gmgn.ai/sol/token/Cnyp5jPQYkC5sEiF2ARuzJGddtFb7AejT9HJKqGE38RM,0.3,0.295995,-0.004005,-1.33,30.303,30.303,QUICK_STOP_8s,False,0,False,False
2026-03-09T19:49:28.350692+00:00,2026-03-09T19:49:37.907316+00:00,9.6,OpenClaw,AaG79KGJqohxssAPB6pc2w7f1ZmTSPKkUDKBNuqDpump,https://gmgn.ai/sol/token/AaG79KGJqohxssAPB6pc2w7f1ZmTSPKkUDKBNuqDpump,0.3,0.295995,-0.004005,-1.33,30.6023,30.6023,QUICK_STOP_8s,False,0,False,False
2026-03-09T19:50:04.740215+00:00,2026-03-09T19:50:13.942031+00:00,9.2,7,8uFebderdVkmF7Hfw7veubK9NirjEFuuefKGgADWpump,https://gmgn.ai/sol/token/8uFebderdVkmF7Hfw7veubK9NirjEFuuefKGgADWpump,0.3,0.295995,-0.004005,-1.33,30.404,30.404,QUICK_STOP_8s,False,0,False,False
2026-03-09T19:50:04.740364+00:00,2026-03-09T19:50:13.951268+00:00,9.2,7,Foo4dLRE2W7qpepU9ZfxnCFC7LChzE3NYV3RK98pump,https://gmgn.ai/sol/token/Foo4dLRE2W7qpepU9ZfxnCFC7LChzE3NYV3RK98pump,0.3,0.295995,-0.004005,-1.33,30.404,30.404,QUICK_STOP_8s,False,0,False,False
2026-03-09T19:50:19.339542+00:00,2026-03-09T19:50:28.003101+00:00,8.7,OpenClaw,E6dwgD8CZywVQRDjdaV5sUE5RhvcQuMQUjecuKLmubw1,https://gmgn.ai/sol/token/E6dwgD8CZywVQRDjdaV5sUE5RhvcQuMQUjecuKLmubw1,0.3,0.293025,-0.006975,-2.33,28.2424,27.96,QUICK_STOP_8s,False,0,False,False
2026-03-09T19:50:19.339648+00:00,2026-03-09T19:50:28.004976+00:00,8.7,OpenClaw,E7i3DtjCShCu5eZ9KvtqzwarmnYt8CzmUTDhqE6tpump,https://gmgn.ai/sol/token/E7i3DtjCShCu5eZ9KvtqzwarmnYt8CzmUTDhqE6tpump,0.3,0.293025,-0.006975,-2.33,28.6195,28.3333,QUICK_STOP_8s,False,0,False,False
2026-03-09T19:50:48.869960+00:00,2026-03-09T19:50:58.038917+00:00,9.2,OIL,43EVDr1y6FKWAVNx2XNGyWKqAjmzQvFqz1c5gL3Bpump,https://gmgn.ai/sol/token/43EVDr1y6FKWAVNx2XNGyWKqAjmzQvFqz1c5gL3Bpump,0.3,0.295995,-0.004005,-1.33,30.313,30.313,QUICK_STOP_8s,False,0,False,False
2026-03-09T19:50:48.870112+00:00,2026-03-09T19:50:58.041569+00:00,9.2,Oil ,EjdrHUkS8QtJBWrYaxGR8FujzauLZYb5HCjLaMQTpump,https://gmgn.ai/sol/token/EjdrHUkS8QtJBWrYaxGR8FujzauLZYb5HCjLaMQTpump,0.3,0.295995,-0.004005,-1.33,30.3031,30.3031,QUICK_STOP_8s,False,0,False,False
2026-03-09T19:51:23.796339+00:00,2026-03-09T19:51:32.068320+00:00,8.3,LOBROY,AkjBCodWjonhZgwz5U74VZHMaT1chZ2oZKTC59TMpump,https://gmgn.ai/sol/token/AkjBCodWjonhZgwz5U74VZHMaT1chZ2oZKTC59TMpump,0.3,0.295995,-0.004005,-1.33,33.2959,33.2959,QUICK_STOP_8s,False,0,False,False
2026-03-09T19:51:33.247138+00:00,2026-03-09T19:51:42.088935+00:00,8.8,LARRY,3xRuBLa1TcNVHoyTR7A5JfT483bDYEa32ifjwSYrpump,https://gmgn.ai/sol/token/3xRuBLa1TcNVHoyTR7A5JfT483bDYEa32ifjwSYrpump,0.3,0.295995,-0.004005,-1.33,31.1006,31.1006,QUICK_STOP_8s,False,0,False,False
2026-03-09T19:51:38.788882+00:00,2026-03-09T19:51:48.091397+00:00,9.3,MetaClaw,G7xXNWDfh53gecQs3jNV9EZoo6yVD21NDZNhVYM3pump,https://gmgn.ai/sol/token/G7xXNWDfh53gecQs3jNV9EZoo6yVD21NDZNhVYM3pump,0.3,0.293025,-0.006975,-2.33,29.5002,29.2052,QUICK_STOP_8s,False,0,False,False
2026-03-09T19:51:46.824707+00:00,2026-03-09T19:51:56.110451+00:00,9.3,OpenClaw,74dwBEh6CADVkMX7tU1ZFzCY3Uf92muCUwcTcYvexfgH,https://gmgn.ai/sol/token/74dwBEh6CADVkMX7tU1ZFzCY3Uf92muCUwcTcYvexfgH,0.3,0.295995,-0.004005,-1.33,34.0441,34.0441,QUICK_STOP_8s,False,0,False,False
2026-03-09T19:51:51.689473+00:00,2026-03-09T19:52:00.118351+00:00,8.4,67,HoUKhY9oWHrPRWnG4BGobmUVXhug5vEciHkPBipepump,https://gmgn.ai/sol/token/HoUKhY9oWHrPRWnG4BGobmUVXhug5vEciHkPBipepump,0.3,0.295995,-0.004005,-1.33,30.3529,30.3529,QUICK_STOP_8s,False,0,False,False
2026-03-09T19:51:56.759782+00:00,2026-03-09T19:52:04.994993+00:00,8.2,Garden,FjpJ5HV3frZtUzUgdyLDiXfwviJTtbmgseP9gY4Lpump,https://gmgn.ai/sol/token/FjpJ5HV3frZtUzUgdyLDiXfwviJTtbmgseP9gY4Lpump,0.3,0.295995,-0.004005,-1.33,31.5501,31.5501,QUICK_STOP_8s,False,0,False,False
2026-03-09T19:52:02.914963+00:00,2026-03-09T19:52:11.007354+00:00,8.1,OpenClaw,9TQthM94ivsajctJ6Yrq3xgQjNuP5kpuyKhauF1Mpump,https://gmgn.ai/sol/token/9TQthM94ivsajctJ6Yrq3xgQjNuP5kpuyKhauF1Mpump,0.3,0.295995,-0.004005,-1.33,33.2959,33.2959,QUICK_STOP_8s,False,0,False,False
2026-03-09T19:52:10.166299+00:00,2026-03-09T19:52:19.128925+00:00,9.0,HATE,Fhyh7k9FyZQPopTvtRYuUJEmb5C1ePkqoxauSKSwpump,https://gmgn.ai/sol/token/Fhyh7k9FyZQPopTvtRYuUJEmb5C1ePkqoxauSKSwpump,0.3,0.295995,-0.004005,-1.33,32.0988,32.0988,QUICK_STOP_8s,False,0,False,False
2026-03-09T19:52:31.503345+00:00,2026-03-09T19:52:41.148309+00:00,9.6,OpenClaw,CAsyHwgob2mF6Q9t765YnhAd9iSaChLK46DtmLtypump,https://gmgn.ai/sol/token/CAsyHwgob2mF6Q9t765YnhAd9iSaChLK46DtmLtypump,0.3,0.295995,-0.004005,-1.33,35.3535,35.3535,QUICK_STOP_8s,False,0,False,False
2026-03-09T19:52:31.503458+00:00,2026-03-09T19:52:41.151416+00:00,9.6,OpenClaw,9a9YrwMWs8Dc98hrUu7hmqmoTLqScSkDY4dLksgjpump,https://gmgn.ai/sol/token/9a9YrwMWs8Dc98hrUu7hmqmoTLqScSkDY4dLksgjpump,0.3,0.293025,-0.006975,-2.33,29.3513,29.0578,QUICK_STOP_8s,False,0,False,False
2026-03-09T19:53:25.343759+00:00,2026-03-09T19:53:35.192099+00:00,9.8,Usukawa,7U4PLw9iM9dk4oUb46Xh1NwEFnybuBAL23PJ8hsPpump,https://gmgn.ai/sol/token/7U4PLw9iM9dk4oUb46Xh1NwEFnybuBAL23PJ8hsPpump,0.3,0.295995,-0.004005,-1.34,32.2983,32.2983,QUICK_STOP_8s,False,0,False,False
2026-03-09T19:53:25.343903+00:00,2026-03-09T19:53:35.199423+00:00,9.9,Usukawa,7sxtNmRJZWXduVqLYt2SZTqQvjLpnfFPDTzvAVQJpump,https://gmgn.ai/sol/token/7sxtNmRJZWXduVqLYt2SZTqQvjLpnfFPDTzvAVQJpump,0.3,0.295995,-0.004005,-1.33,31.3007,31.3007,QUICK_STOP_8s,False,0,False,False
2026-03-09T19:53:36.436487+00:00,2026-03-09T19:53:45.220687+00:00,8.8,NASDANQ,6CutgYJDDfpf1YRbZz74Wb8gfuE6tsHL1C7GQQ44pump,https://gmgn.ai/sol/token/6CutgYJDDfpf1YRbZz74Wb8gfuE6tsHL1C7GQQ44pump,0.3,0.295995,-0.004005,-1.33,34.2936,34.2936,QUICK_STOP_8s,False,0,False,False
2026-03-09T19:53:36.436601+00:00,2026-03-09T19:53:45.225917+00:00,8.8,NASDANQ,JDeAGZ1cff2ibtdMXjAbxZxaxzai4EHQv3FZrFXepump,https://gmgn.ai/sol/token/JDeAGZ1cff2ibtdMXjAbxZxaxzai4EHQv3FZrFXepump,0.3,0.295995,-0.004005,-1.33,34.2936,34.2936,QUICK_STOP_8s,False,0,False,False
2026-03-09T19:54:32.239970+00:00,2026-03-09T19:54:41.261488+00:00,9.0,67,GqEfGQ7Xx5Wa5PLSpMFJPZGP4vwsgXJuTLJSdxgvpump,https://gmgn.ai/sol/token/GqEfGQ7Xx5Wa5PLSpMFJPZGP4vwsgXJuTLJSdxgvpump,0.3,0.295995,-0.004005,-1.33,30.752,30.752,QUICK_STOP_8s,False,0,False,False
2026-03-09T19:55:03.910869+00:00,2026-03-09T19:55:13.295335+00:00,9.4,CORY,TQboWuZR51H6JCYWA7FRy2RfD9WqE3jNQBpTbdFpump,https://gmgn.ai/sol/token/TQboWuZR51H6JCYWA7FRy2RfD9WqE3jNQBpTbdFpump,0.3,0.295995,-0.004005,-1.33,30.303,30.303,QUICK_STOP_8s,False,0,False,False
2026-03-09T19:55:03.910968+00:00,2026-03-09T19:55:13.304823+00:00,9.4,CORY,iR9PKhTqK7wPRABdPd4SUnernwG9jbXyXKeNB1opump,https://gmgn.ai/sol/token/iR9PKhTqK7wPRABdPd4SUnernwG9jbXyXKeNB1opump,0.3,0.295995,-0.004005,-1.33,30.303,30.303,QUICK_STOP_8s,False,0,False,False
2026-03-09T19:55:15.979618+00:00,2026-03-09T19:55:25.328343+00:00,9.3,WIF,Yjh5HT7TKzFitZQoHuZi3TGJFFfRhu469deZb6tMgrN,https://gmgn.ai/sol/token/Yjh5HT7TKzFitZQoHuZi3TGJFFfRhu469deZb6tMgrN,0.3,0.295995,-0.004005,-1.33,33.3333,33.3333,QUICK_STOP_8s,False,0,False,False
2026-03-09T19:55:15.979760+00:00,2026-03-09T19:55:25.330161+00:00,9.4,WIF,7XV1xKiKVE5iTAvcqTFjzPXyX3LUFkwpAKHWdG2Npump,https://gmgn.ai/sol/token/7XV1xKiKVE5iTAvcqTFjzPXyX3LUFkwpAKHWdG2Npump,0.3,0.295995,-0.004005,-1.33,33.2959,33.2959,QUICK_STOP_8s,False,0,False,False
2026-03-09T19:56:01.383611+00:00,2026-03-09T19:56:11.374518+00:00,10.0,Ted,HfNr5tRtdN2Hx98FdEsnCnYJ3pfXTsr6oehXQqjpump,https://gmgn.ai/sol/token/HfNr5tRtdN2Hx98FdEsnCnYJ3pfXTsr6oehXQqjpump,0.3,0.295995,-0.004005,-1.33,31.3007,31.3007,QUICK_STOP_8s,False,0,False,False
2026-03-09T19:56:10.162313+00:00,2026-03-09T19:56:19.396644+00:00,9.2,Liquid,F7HS8oGFhX1aXGVLDZsWG8uHBfTisuer4SSUfeZfpump,https://gmgn.ai/sol/token/F7HS8oGFhX1aXGVLDZsWG8uHBfTisuer4SSUfeZfpump,0.3,0.295995,-0.004005,-1.33,30.3031,30.3031,QUICK_STOP_8s,False,0,False,False
2026-03-09T19:57:38.749340+00:00,2026-03-09T19:57:47.448197+00:00,8.7,OILCOIN,7qiF6pjaiMxn4E5fU3B1T7A2X7dMKrmRPpvXv4H2pump,https://gmgn.ai/sol/token/7qiF6pjaiMxn4E5fU3B1T7A2X7dMKrmRPpvXv4H2pump,0.3,0.293025,-0.006975,-2.33,28.4643,28.1797,QUICK_STOP_8s,False,0,False,False
2026-03-09T20:00:47.307672+00:00,2026-03-09T20:00:55.664486+00:00,8.4,PROMPTFOO,ApiB5zpZ8aWeGA8wcvdvxHiGWctmdwRQLX6d6b2wpump,https://gmgn.ai/sol/token/ApiB5zpZ8aWeGA8wcvdvxHiGWctmdwRQLX6d6b2wpump,0.3,0.295995,-0.004005,-1.33,32.1717,32.1717,QUICK_STOP_8s,False,0,False,False
2026-03-09T20:00:47.307843+00:00,2026-03-09T20:00:55.673313+00:00,8.4,PROMPTFOO,HP6bhYKSPp9QDLWi2FNwzczCH7ngCfiEgpGDcX9Ppump,https://gmgn.ai/sol/token/HP6bhYKSPp9QDLWi2FNwzczCH7ngCfiEgpGDcX9Ppump,0.3,0.295995,-0.004005,-1.33,33.2959,33.2959,QUICK_STOP_8s,False,0,False,False
2026-03-09T20:01:00.508716+00:00,2026-03-09T20:01:09.695215+00:00,9.2,Electricit,AVCsAJsvAnbxwwWvrrA6gWJgMnvpQMJ6eh7J7sm4pump,https://gmgn.ai/sol/token/AVCsAJsvAnbxwwWvrrA6gWJgMnvpQMJ6eh7J7sm4pump,0.3,0.295995,-0.004005,-1.33,32.3232,32.3232,QUICK_STOP_8s,False,0,False,False
2026-03-09T20:01:15.386025+00:00,2026-03-09T20:01:23.701557+00:00,8.3,Benjamin,BXDERzPgCy6LxeUdWtRcbg7tTD4B3v8p9LqucaYVpump,https://gmgn.ai/sol/token/BXDERzPgCy6LxeUdWtRcbg7tTD4B3v8p9LqucaYVpump,0.3,0.288582,-0.011418,-3.81,31.3499,30.5675,QUICK_STOP_8s,False,0,False,False
2026-03-09T20:01:27.937819+00:00,2026-03-09T20:01:37.722142+00:00,9.8,LENS,CLZzSKJoaYzZNQALt5QhmZyP68rS45nZzMe5ivJNpump,https://gmgn.ai/sol/token/CLZzSKJoaYzZNQALt5QhmZyP68rS45nZzMe5ivJNpump,0.3,0.295995,-0.004005,-1.33,31.7995,31.7995,QUICK_STOP_8s,False,0,False,False
2026-03-09T20:01:37.652264+00:00,2026-03-09T20:01:45.725427+00:00,8.1,WOJAP,54HNKZ4afMKqM75YFTUYyPRmq8W1fFK3suhfa93hpump,https://gmgn.ai/sol/token/54HNKZ4afMKqM75YFTUYyPRmq8W1fFK3suhfa93hpump,0.3,0.29175,-0.00825,-2.75,28.6489,28.2394,QUICK_STOP_8s,False,0,False,False
2026-03-09T20:03:15.773084+00:00,2026-03-09T20:03:23.778776+00:00,8.0,Marley,7FnZy3DgXCcHbvLHACZxSsN4yAvZusE57jMAsf5jpump,https://gmgn.ai/sol/token/7FnZy3DgXCcHbvLHACZxSsN4yAvZusE57jMAsf5jpump,0.3,0.295995,-0.004005,-1.33,31.999,31.999,QUICK_STOP_8s,False,0,False,False
2026-03-09T20:04:10.879938+00:00,2026-03-09T20:04:19.834101+00:00,9.0,Joe,bkxronHjHyBfEXYZnM8qfCi2QqVgVSfbABPdiV2pump,https://gmgn.ai/sol/token/bkxronHjHyBfEXYZnM8qfCi2QqVgVSfbABPdiV2pump,0.3,0.295995,-0.004005,-1.33,33.1962,33.1962,QUICK_STOP_8s,False,0,False,False
2026-03-09T20:04:10.880025+00:00,2026-03-09T20:04:19.843041+00:00,9.0,Joe,2HHwsVJL6niuyEvqopBvbUKPWCuwQ1xH6ZTH3RAqpump,https://gmgn.ai/sol/token/2HHwsVJL6niuyEvqopBvbUKPWCuwQ1xH6ZTH3RAqpump,0.3,0.295995,-0.004005,-1.33,31.6162,31.6162,QUICK_STOP_8s,False,0,False,False
2026-03-09T20:04:38.715294+00:00,2026-03-09T20:04:47.900774+00:00,9.2,Hume,G8MsFbQP1CaQEjrVX7Go9yv5azGU7P9Cx154As8Rpump,https://gmgn.ai/sol/token/G8MsFbQP1CaQEjrVX7Go9yv5azGU7P9Cx154As8Rpump,0.3,0.295995,-0.004005,-1.34,32.2983,32.2983,QUICK_STOP_8s,False,0,False,False
2026-03-09T20:04:38.715794+00:00,2026-03-09T20:04:47.906033+00:00,9.2,Hume,9EgvQW4GjTG7yHA51nJ2MDnTe1gAtVEhKraMkRFApump,https://gmgn.ai/sol/token/9EgvQW4GjTG7yHA51nJ2MDnTe1gAtVEhKraMkRFApump,0.3,0.295995,-0.004005,-1.33,31.3007,31.3007,QUICK_STOP_8s,False,0,False,False
2026-03-09T20:04:56.912764+00:00,2026-03-09T20:05:05.936804+00:00,9.0,TED,wMbgq1ZNfiBArCsUCjtfiVchzRv9TUDpem7m1ekpump,https://gmgn.ai/sol/token/wMbgq1ZNfiBArCsUCjtfiVchzRv9TUDpem7m1ekpump,0.3,0.295995,-0.004005,-1.33,35.3535,35.3535,QUICK_STOP_8s,False,0,False,False
2026-03-09T20:04:56.913020+00:00,2026-03-09T20:05:05.938987+00:00,9.0,TED,FmXitw1Z4PU2kKhQhpDucvVjzc29GBp88vuVfav8pump,https://gmgn.ai/sol/token/FmXitw1Z4PU2kKhQhpDucvVjzc29GBp88vuVfav8pump,0.3,0.295995,-0.004005,-1.33,33.3333,33.3333,QUICK_STOP_8s,False,0,False,False
2026-03-09T20:05:16.854302+00:00,2026-03-09T20:05:25.998592+00:00,9.1,Oilman,DdvkutLvCZWtVbE7NEWgYQQJBxbz7oCDWJ7Mm58Epump,https://gmgn.ai/sol/token/DdvkutLvCZWtVbE7NEWgYQQJBxbz7oCDWJ7Mm58Epump,0.3,0.295995,-0.004005,-1.33,31.6162,31.6162,QUICK_STOP_8s,False,0,False,False
2026-03-09T20:05:16.854448+00:00,2026-03-09T20:05:26.012241+00:00,9.2,OILMAN,HjLE5Phq4ePAtpw3LehHDfTWaL5i92ThyJwioxeYpump,https://gmgn.ai/sol/token/HjLE5Phq4ePAtpw3LehHDfTWaL5i92ThyJwioxeYpump,0.3,0.295995,-0.004005,-1.33,30.5325,30.5325,QUICK_STOP_8s,False,0,False,False
2026-03-09T20:05:43.172300+00:00,2026-03-09T20:05:52.043353+00:00,8.9,MetaClaw,3ZK9JZRdYyJTSxY7PPv6MiGkR6xzsvwDJCevnatKpump,https://gmgn.ai/sol/token/3ZK9JZRdYyJTSxY7PPv6MiGkR6xzsvwDJCevnatKpump,0.3,0.295995,-0.004005,-1.33,33.1962,33.1962,QUICK_STOP_8s,False,0,False,False
2026-03-09T20:05:53.458246+00:00,2026-03-09T20:06:02.073860+00:00,8.6,GROYPER,9376Vp73adZs8b2xk4oPmSgy28Fzp6ZJGpGVPFjTpump,https://gmgn.ai/sol/token/9376Vp73adZs8b2xk4oPmSgy28Fzp6ZJGpGVPFjTpump,0.3,0.295995,-0.004005,-1.33,31.3007,31.3007,QUICK_STOP_8s,False,0,False,False
2026-03-09T20:06:05.902114+00:00,2026-03-09T20:06:14.088519+00:00,8.2,Jason,C6oKvWEfDJiQTqNFz7JPphGxZfiunW6qGPBB29wkpump,https://gmgn.ai/sol/token/C6oKvWEfDJiQTqNFz7JPphGxZfiunW6qGPBB29wkpump,0.3,0.295995,-0.004005,-1.33,35.2912,35.2912,QUICK_STOP_8s,False,0,False,False
2026-03-09T20:06:46.688393+00:00,2026-03-09T20:06:56.132216+00:00,9.4,Joe,G4ScT5WH7UY2uB8D3mt7CYdVwbEVKND2SqFcYbdxpump,https://gmgn.ai/sol/token/G4ScT5WH7UY2uB8D3mt7CYdVwbEVKND2SqFcYbdxpump,0.3,0.295995,-0.004005,-1.33,33.1962,33.1962,QUICK_STOP_8s,False,0,False,False
2026-03-09T20:06:46.688539+00:00,2026-03-09T20:06:56.135642+00:00,9.4,JOE,BcCajwHGH3o4tENsvjzqyiyqRpZ9GM8qXbhcF3jrpump,https://gmgn.ai/sol/token/BcCajwHGH3o4tENsvjzqyiyqRpZ9GM8qXbhcF3jrpump,0.3,0.295995,-0.004005,-1.33,35.3535,35.3535,QUICK_STOP_8s,False,0,False,False
2026-03-09T20:07:31.659075+00:00,2026-03-09T20:07:40.187003+00:00,8.5,Crashout,7tsSrCh2yHR9XAG4qTMsiCaja5Sa3NjkfeaQpbHapump,https://gmgn.ai/sol/token/7tsSrCh2yHR9XAG4qTMsiCaja5Sa3NjkfeaQpbHapump,0.3,0.295995,-0.004005,-1.33,30.4028,30.4028,QUICK_STOP_8s,False,0,False,False
2026-03-09T20:08:57.232906+00:00,2026-03-09T20:09:06.361096+00:00,9.1,JOE,HUNZUNoRpzvqHnuBmXoeN2FSLm3cjxa5uVBSCRSKgfDj,https://gmgn.ai/sol/token/HUNZUNoRpzvqHnuBmXoeN2FSLm3cjxa5uVBSCRSKgfDj,0.3,0.295995,-0.004005,-1.33,35.3535,35.3535,QUICK_STOP_8s,False,0,False,False
2026-03-09T20:08:57.233019+00:00,2026-03-09T20:09:06.361966+00:00,9.1,JOE,8tfdjB2FtDxyWH9Y74nLDSiHxRVoiQT2UBNhBsKsWAt1,https://gmgn.ai/sol/token/8tfdjB2FtDxyWH9Y74nLDSiHxRVoiQT2UBNhBsKsWAt1,0.3,0.292933,-0.007067,-2.36,28.2537,27.9625,QUICK_STOP_8s,False,0,False,False
2026-03-09T20:09:15.165726+00:00,2026-03-09T20:09:24.377515+00:00,9.2,BG,3TcmPK2MyPeghBNBWkirAEZc3GqoKFeqexQRX5tVpump,https://gmgn.ai/sol/token/3TcmPK2MyPeghBNBWkirAEZc3GqoKFeqexQRX5tVpump,0.3,0.295995,-0.004005,-1.33,32.3232,32.3232,QUICK_STOP_8s,False,0,False,False
2026-03-09T20:11:07.004928+00:00,2026-03-09T20:11:16.508000+00:00,9.5,HOURS,ASvbbRaQWDRVhpqK2Am7FsFmqwZGe3TKehUa1rA2pump,https://gmgn.ai/sol/token/ASvbbRaQWDRVhpqK2Am7FsFmqwZGe3TKehUa1rA2pump,0.3,0.293025,-0.006975,-2.33,28.2839,28.001,QUICK_STOP_8s,False,0,False,False
2026-03-09T20:11:07.005033+00:00,2026-03-09T20:11:16.509194+00:00,9.5,HOURS ,HQazAP8RtNwsmLEoq5J3QenYYL6Zy4bFfwVVjncApump,https://gmgn.ai/sol/token/HQazAP8RtNwsmLEoq5J3QenYYL6Zy4bFfwVVjncApump,0.3,0.293025,-0.006975,-2.33,28.1613,27.8797,QUICK_STOP_8s,False,0,False,False
2026-03-09T20:11:52.265078+00:00,2026-03-09T20:12:00.557627+00:00,8.3,LOL,BCu51X6axkrWqk7Qc9NFhA6eaCramtYDLs5oRhkNpump,https://gmgn.ai/sol/token/BCu51X6axkrWqk7Qc9NFhA6eaCramtYDLs5oRhkNpump,0.3,0.295995,-0.004005,-1.33,31.6162,31.6162,QUICK_STOP_8s,False,0,False,False
2026-03-09T20:11:52.265240+00:00,2026-03-09T20:12:00.565756+00:00,8.3,LOL,8Gqb2p4qFeG4c9zRNgH392ziKrQTgwujoGLyYSGopump,https://gmgn.ai/sol/token/8Gqb2p4qFeG4c9zRNgH392ziKrQTgwujoGLyYSGopump,0.3,0.295995,-0.004005,-1.33,31.6162,31.6162,QUICK_STOP_8s,False,0,False,False
2026-03-09T20:12:16.421618+00:00,2026-03-09T20:12:24.586140+00:00,8.2,TACO,6Hi1WjYWtc5jeRbPR27NVjrQemEs8ZqEnqWW3EDupump,https://gmgn.ai/sol/token/6Hi1WjYWtc5jeRbPR27NVjrQemEs8ZqEnqWW3EDupump,0.3,0.295995,-0.004005,-1.33,30.8018,30.8018,QUICK_STOP_8s,False,0,False,False
2026-03-09T20:13:25.646590+00:00,2026-03-09T20:13:34.656149+00:00,9.0,Siri,2KzXfBuCn61ujsb4QYRUaHDfPADXEjkBBn66HiP6pump,https://gmgn.ai/sol/token/2KzXfBuCn61ujsb4QYRUaHDfPADXEjkBBn66HiP6pump,0.3,0.295995,-0.004005,-1.33,33.2959,33.2959,QUICK_STOP_8s,False,0,False,False
2026-03-09T20:13:25.646693+00:00,2026-03-09T20:13:34.658807+00:00,9.0,SIRI,ZPjX1KNfdYKdk1LfGCx1wfS9Lea95b8kvD7cUhfpump,https://gmgn.ai/sol/token/ZPjX1KNfdYKdk1LfGCx1wfS9Lea95b8kvD7cUhfpump,0.3,0.295995,-0.004005,-1.33,30.8018,30.8018,QUICK_STOP_8s,False,0,False,False
2026-03-09T20:14:45.661316+00:00,2026-03-09T20:14:54.748833+00:00,9.1,MYRACYL,GoHvZACWthSySSKnaoFYJ3aiqUtExAqmoF2cQj6bpump,https://gmgn.ai/sol/token/GoHvZACWthSySSKnaoFYJ3aiqUtExAqmoF2cQj6bpump,0.3,0.295995,-0.004005,-1.33,31.3131,31.3131,QUICK_STOP_8s,False,0,False,False
2026-03-09T20:15:22.103138+00:00,2026-03-09T20:15:30.778637+00:00,8.7,MoltLens,u2D8CM8112N9SGMa6PA855rGVcSo7kYyM6bKJT6pump,https://gmgn.ai/sol/token/u2D8CM8112N9SGMa6PA855rGVcSo7kYyM6bKJT6pump,0.3,0.295995,-0.004005,-1.33,31.2608,31.2608,QUICK_STOP_8s,False,0,False,False
2026-03-09T20:15:24.824174+00:00,2026-03-09T20:15:34.786220+00:00,10.0,TRUMPWIF,FCi2yFapwdTdDCBAuZLSNotvPXyKTMD6QAJY3P3Npump,https://gmgn.ai/sol/token/FCi2yFapwdTdDCBAuZLSNotvPXyKTMD6QAJY3P3Npump,0.3,0.295995,-0.004005,-1.33,35.2912,35.2912,QUICK_STOP_8s,False,0,False,False
2026-03-09T20:15:38.385786+00:00,2026-03-09T20:15:46.814210+00:00,8.4,SIRI,8PGrqaV3xYXEYi1z6BfL91aMLAEuEqaPcHPsDsUGpump,https://gmgn.ai/sol/token/8PGrqaV3xYXEYi1z6BfL91aMLAEuEqaPcHPsDsUGpump,0.3,0.295995,-0.004005,-1.33,30.5524,30.5524,QUICK_STOP_8s,False,0,False,False
2026-03-09T20:15:38.385902+00:00,2026-03-09T20:15:46.821006+00:00,8.4,SIRI,BPs4DyBE82ZFZXyAVd72Tn3ed1rmVEK1YJDYGH5pump,https://gmgn.ai/sol/token/BPs4DyBE82ZFZXyAVd72Tn3ed1rmVEK1YJDYGH5pump,0.3,0.295995,-0.004005,-1.33,30.303,30.303,QUICK_STOP_8s,False,0,False,False
2026-03-09T20:15:48.857973+00:00,2026-03-09T20:15:58.846817+00:00,10.0,SIRI,DTXwaBGmqpRRgDX11J2fAwrud2BNVvj72dBFQzrXpump,https://gmgn.ai/sol/token/DTXwaBGmqpRRgDX11J2fAwrud2BNVvj72dBFQzrXpump,0.3,0.295995,-0.004005,-1.33,30.3031,30.3031,QUICK_STOP_8s,False,0,False,False
2026-03-09T20:15:48.858641+00:00,2026-03-09T20:15:58.850820+00:00,10.0,SIRI,A6YEZXzsruETu56TFvURG9nL1ydhk8VRMswNdvSVpump,https://gmgn.ai/sol/token/A6YEZXzsruETu56TFvURG9nL1ydhk8VRMswNdvSVpump,0.3,0.295995,-0.004005,-1.33,30.3031,30.3031,QUICK_STOP_8s,False,0,False,False
2026-03-09T20:15:59.561309+00:00,2026-03-09T20:16:08.877080+00:00,9.3,RIFT,8N6ry27L7AtbiRYqTWHB7MptniDaGHBEhkCfYHjmpump,https://gmgn.ai/sol/token/8N6ry27L7AtbiRYqTWHB7MptniDaGHBEhkCfYHjmpump,0.3,0.295995,-0.004005,-1.33,35.2277,35.2277,QUICK_STOP_8s,False,0,False,False
2026-03-09T20:15:59.561456+00:00,2026-03-09T20:16:08.879978+00:00,9.3,RIFT,A6mNGxxCMxWkYwoCdRkHifDmrmZvAnd55qWyfZbFpump,https://gmgn.ai/sol/token/A6mNGxxCMxWkYwoCdRkHifDmrmZvAnd55qWyfZbFpump,0.3,0.295995,-0.004005,-1.33,33.4174,33.4174,QUICK_STOP_8s,False,0,False,False
2026-03-09T20:16:20.670900+00:00,2026-03-09T20:16:28.902656+00:00,8.2,SIRI,B4UDi8G3XXx3dnKHV3wY7y3ijPAeawJZGnFynVGKpump,https://gmgn.ai/sol/token/B4UDi8G3XXx3dnKHV3wY7y3ijPAeawJZGnFynVGKpump,0.3,0.295995,-0.004005,-1.33,30.303,30.303,QUICK_STOP_8s,False,0,False,False
2026-03-09T20:16:20.671035+00:00,2026-03-09T20:16:28.904608+00:00,8.2,SIRI,5yYEW8kRfbByqLpAXLQ5x8EUquYmuuq9mWJYC77Ppump,https://gmgn.ai/sol/token/5yYEW8kRfbByqLpAXLQ5x8EUquYmuuq9mWJYC77Ppump,0.3,0.295995,-0.004005,-1.33,30.3031,30.3031,QUICK_STOP_8s,False,0,False,False
2026-03-09T20:16:34.562413+00:00,2026-03-09T20:16:42.918155+00:00,8.4,BETTY,Ch3UVXQiT4sQuifeMpHDk8y9ZyBraP7NdmmNguedpump,https://gmgn.ai/sol/token/Ch3UVXQiT4sQuifeMpHDk8y9ZyBraP7NdmmNguedpump,0.3,0.293025,-0.006975,-2.33,28.6205,28.3343,QUICK_STOP_8s,False,0,False,False
2026-03-09T20:16:34.562541+00:00,2026-03-09T20:16:42.919090+00:00,8.4,BETTY,ECKEfc42vkzUAA5KGibbAriB8B3D8Q31HzD3HAsRREsz,https://gmgn.ai/sol/token/ECKEfc42vkzUAA5KGibbAriB8B3D8Q31HzD3HAsRREsz,0.3,0.293025,-0.006975,-2.33,28.4297,28.1454,QUICK_STOP_8s,False,0,False,False
2026-03-09T20:16:54.512634+00:00,2026-03-09T20:17:02.944959+00:00,8.4,DIESEL,53NRynvVtwWBKXyMzFcqZKXmEq9pvt1xPEwzzJxMpump,https://gmgn.ai/sol/token/53NRynvVtwWBKXyMzFcqZKXmEq9pvt1xPEwzzJxMpump,0.3,0.295995,-0.004005,-1.33,30.8018,30.8018,QUICK_STOP_8s,False,0,False,False
2026-03-09T20:16:55.828897+00:00,2026-03-09T20:17:04.956498+00:00,9.1,WCEO,FeAtAiZh8zoAsdVEHJqMdktMeU4EviCxNZJW924npump,https://gmgn.ai/sol/token/FeAtAiZh8zoAsdVEHJqMdktMeU4EviCxNZJW924npump,0.3,0.295995,-0.004005,-1.33,32.3232,32.3232,QUICK_STOP_8s,False,0,False,False
2026-03-09T20:17:13.961464+00:00,2026-03-09T20:17:22.986279+00:00,9.0,RIFT,8eLBFXUnmXYrxEVHHSgQ2i5q6LNFp1WwiLeSJ3kSpump,https://gmgn.ai/sol/token/8eLBFXUnmXYrxEVHHSgQ2i5q6LNFp1WwiLeSJ3kSpump,0.3,0.295995,-0.004005,-1.33,31.7841,31.7841,QUICK_STOP_8s,False,0,False,False
2026-03-09T20:17:42.584270+00:00,2026-03-09T20:17:50.998718+00:00,8.4,BETTY,4iqNwoyhfqXwB2y8VWEEd3VUo5WHQeChHYqXMHeZXcaJ,https://gmgn.ai/sol/token/4iqNwoyhfqXwB2y8VWEEd3VUo5WHQeChHYqXMHeZXcaJ,0.3,0.293025,-0.006975,-2.33,32.8902,32.5613,QUICK_STOP_8s,False,0,False,False
2026-03-09T20:17:42.584379+00:00,2026-03-09T20:17:51.000530+00:00,8.4,BETTY,EVqLzFuNZjCtnPAg8NGVkwZ7RJUv5DrYdvi9GBdVFL2v,https://gmgn.ai/sol/token/EVqLzFuNZjCtnPAg8NGVkwZ7RJUv5DrYdvi9GBdVFL2v,0.3,0.293025,-0.006975,-2.33,32.8902,32.5613,QUICK_STOP_8s,False,0,False,False
2026-03-09T20:18:02.207624+00:00,2026-03-09T20:18:11.033092+00:00,8.8,STEVIE,Fdi7RGnEAgaGwvep6WUesA8wpgXGhWJbp8sFvagrpump,https://gmgn.ai/sol/token/Fdi7RGnEAgaGwvep6WUesA8wpgXGhWJbp8sFvagrpump,0.3,0.295995,-0.004005,-1.33,33.2959,33.2959,QUICK_STOP_8s,False,0,False,False
2026-03-09T20:18:02.207739+00:00,2026-03-09T20:18:11.035005+00:00,8.8,STEVIE,5E1CKpeiuJ5z3ot7BjkUF6xBfPSLSXHWHcLBmRhYpump,https://gmgn.ai/sol/token/5E1CKpeiuJ5z3ot7BjkUF6xBfPSLSXHWHcLBmRhYpump,0.3,0.295995,-0.004005,-1.33,33.2959,33.2959,QUICK_STOP_8s,False,0,False,False
2026-03-09T20:18:25.806588+00:00,2026-03-09T20:18:35.053876+00:00,9.2,physiognom,914LJrTwHGRy4CzcpHfRCP3qzZuKaYcgvSUYLd1Gpsvx,https://gmgn.ai/sol/token/914LJrTwHGRy4CzcpHfRCP3qzZuKaYcgvSUYLd1Gpsvx,0.3,0.295995,-0.004005,-1.33,35.934,35.934,QUICK_STOP_8s,False,0,False,False
2026-03-09T20:18:52.498857+00:00,2026-03-09T20:19:01.028201+00:00,8.5,Hairy,C53sm82MtEgk6PPXUwZ3jgergDXDHwUcexdUPx2npump,https://gmgn.ai/sol/token/C53sm82MtEgk6PPXUwZ3jgergDXDHwUcexdUPx2npump,0.3,0.295995,-0.004005,-1.33,30.5026,30.5026,QUICK_STOP_8s,False,0,False,False
2026-03-09T20:18:53.705877+00:00,2026-03-09T20:19:03.034835+00:00,9.3,Creature,EVNv9TB4DwJ6NxzYSmP7ozgthRqm4cbqu6td7MGXpump,https://gmgn.ai/sol/token/EVNv9TB4DwJ6NxzYSmP7ozgthRqm4cbqu6td7MGXpump,0.3,0.295995,-0.004005,-1.34,32.2983,32.2983,QUICK_STOP_8s,False,0,False,False
2026-03-09T20:19:27.441653+00:00,2026-03-09T20:19:37.328561+00:00,9.9,Joe,Gn91Q8Qc2Qoze4y8UnCRANKQnMeo9FokhrJ9SJHNpump,https://gmgn.ai/sol/token/Gn91Q8Qc2Qoze4y8UnCRANKQnMeo9FokhrJ9SJHNpump,0.3,0.295995,-0.004005,-1.33,33.2959,33.2959,QUICK_STOP_8s,False,0,False,False
2026-03-09T20:19:27.441815+00:00,2026-03-09T20:19:37.333779+00:00,9.9,JOE,5gZQKdRCaY32rmhfwcj2VouRRDor8M5Q7uE9RBPfpump,https://gmgn.ai/sol/token/5gZQKdRCaY32rmhfwcj2VouRRDor8M5Q7uE9RBPfpump,0.3,0.295995,-0.004005,-1.33,32.3232,32.3232,QUICK_STOP_8s,False,0,False,False
2026-03-09T20:20:59.165852+00:00,2026-03-09T20:21:07.442629+00:00,8.3,Fossil,8up1HB7zK4iKsp2Xcu2Q2oa1Cv9PqRV6uyU6arZ1pump,https://gmgn.ai/sol/token/8up1HB7zK4iKsp2Xcu2Q2oa1Cv9PqRV6uyU6arZ1pump,0.3,0.295995,-0.004005,-1.33,31.1011,31.1011,QUICK_STOP_8s,False,0,False,False
2026-03-09T20:21:13.235382+00:00,2026-03-09T20:21:21.460995+00:00,8.2,d/acc,3pc3rPs3asN6g7YQmbTynxmQkoK8X13U8MVm3pCFpump,https://gmgn.ai/sol/token/3pc3rPs3asN6g7YQmbTynxmQkoK8X13U8MVm3pCFpump,0.3,0.295995,-0.004005,-1.33,33.3333,33.3333,QUICK_STOP_8s,False,0,False,False
2026-03-09T20:21:26.333858+00:00,2026-03-09T20:21:35.497375+00:00,9.2,JOE,wKB1fHtBa6CjFQjkP9XTiRmmyYoZTHGnhkKe3DNpump,https://gmgn.ai/sol/token/wKB1fHtBa6CjFQjkP9XTiRmmyYoZTHGnhkKe3DNpump,0.3,0.295995,-0.004005,-1.33,32.7971,32.7971,QUICK_STOP_8s,False,0,False,False
2026-03-09T20:21:26.333991+00:00,2026-03-09T20:21:35.499724+00:00,9.2,Joe,A2DZ17xsqYF6EJsJecQU62RDG1A23wdScEzLM6Lmpump,https://gmgn.ai/sol/token/A2DZ17xsqYF6EJsJecQU62RDG1A23wdScEzLM6Lmpump,0.3,0.295995,-0.004005,-1.33,33.1962,33.1962,QUICK_STOP_8s,False,0,False,False
2026-03-09T20:22:38.923734+00:00,2026-03-09T20:22:47.630150+00:00,8.7,OROCK,E9aTakrKf1RKRhE5ByxU3oN7FGLb8CMpV3HCYxpCpump,https://gmgn.ai/sol/token/E9aTakrKf1RKRhE5ByxU3oN7FGLb8CMpV3HCYxpCpump,0.3,0.295995,-0.004005,-1.33,30.8018,30.8018,QUICK_STOP_8s,False,0,False,False
2026-03-09T20:22:49.970568+00:00,2026-03-09T20:22:59.951959+00:00,10.0,oyl,7333zKJRJbQCfm4RUVXZqKxEKs6soK9a72Gd9wESpump,https://gmgn.ai/sol/token/7333zKJRJbQCfm4RUVXZqKxEKs6soK9a72Gd9wESpump,0.3,0.295995,-0.004005,-1.33,31.3007,31.3007,QUICK_STOP_8s,False,0,False,False
2026-03-09T20:22:53.059433+00:00,2026-03-09T20:23:01.968392+00:00,8.9,ALFRED,GBRdPe2j3RWvepci9vRxgTZ5QqUbGW27Z8L7V1ADpump,https://gmgn.ai/sol/token/GBRdPe2j3RWvepci9vRxgTZ5QqUbGW27Z8L7V1ADpump,0.3,0.295995,-0.004005,-1.33,33.2959,33.2959,QUICK_STOP_8s,False,0,False,False
2026-03-09T20:23:52.589378+00:00,2026-03-09T20:24:00.906697+00:00,8.3,Ted,2vbLgVA8HeTMGbV73oqAf5KQA4XhrbFmRyisPboKpW3D,https://gmgn.ai/sol/token/2vbLgVA8HeTMGbV73oqAf5KQA4XhrbFmRyisPboKpW3D,0.3,0.295995,-0.004005,-1.33,35.2912,35.2912,QUICK_STOP_8s,False,0,False,False
2026-03-09T20:23:52.589521+00:00,2026-03-09T20:24:00.915270+00:00,8.3,Ted,BqeYWrbjQ5pizbdXZqmzJoiimsVCP22JeSbs8Uzvpump,https://gmgn.ai/sol/token/BqeYWrbjQ5pizbdXZqmzJoiimsVCP22JeSbs8Uzvpump,0.3,0.295995,-0.004005,-1.33,32.3232,32.3232,QUICK_STOP_8s,False,0,False,False
2026-03-09T20:24:07.170424+00:00,2026-03-09T20:24:15.228292+00:00,8.1,Rome,2i9ZDNb6TyH9xKXFUpQPLeZTirSfUfKKKnfuWucspump,https://gmgn.ai/sol/token/2i9ZDNb6TyH9xKXFUpQPLeZTirSfUfKKKnfuWucspump,0.3,0.295995,-0.004005,-1.33,32.3232,32.3232,QUICK_STOP_8s,False,0,False,False
2026-03-09T20:24:07.171006+00:00,2026-03-09T20:24:15.231626+00:00,8.1,Rome,2RvyuW6KQ4t8Fz7QurY22mUrekHRkz3NijgAPUqepump,https://gmgn.ai/sol/token/2RvyuW6KQ4t8Fz7QurY22mUrekHRkz3NijgAPUqepump,0.3,0.295995,-0.004005,-1.33,32.3232,32.3232,QUICK_STOP_8s,False,0,False,False
2026-03-09T20:24:18.790131+00:00,2026-03-09T20:24:27.256671+00:00,8.5,TRUMPWIF,39y8ijrb1yAcidBNVeE8ouVJNbs8BmXinyW9X7Dfpump,https://gmgn.ai/sol/token/39y8ijrb1yAcidBNVeE8ouVJNbs8BmXinyW9X7Dfpump,0.3,0.295995,-0.004005,-1.33,31.3007,31.3007,QUICK_STOP_8s,False,0,False,False
2026-03-09T20:24:36.943122+00:00,2026-03-09T20:24:45.632930+00:00,8.7,Distorted,9R2Qi68MnPAeT6b8CBf14RcNJ7ozN6cAJ2GwWXDGfC3t,https://gmgn.ai/sol/token/9R2Qi68MnPAeT6b8CBf14RcNJ7ozN6cAJ2GwWXDGfC3t,0.3,0.295995,-0.004005,-1.33,30.303,30.303,QUICK_STOP_8s,False,0,False,False
2026-03-09T20:24:36.943369+00:00,2026-03-09T20:24:45.648098+00:00,8.7,Distorted,EPdTSRvAMCu7LnqRLUTUGf5W9jczPEmcT48r3W1Y1oCQ,https://gmgn.ai/sol/token/EPdTSRvAMCu7LnqRLUTUGf5W9jczPEmcT48r3W1Y1oCQ,0.3,0.295995,-0.004005,-1.33,30.303,30.303,QUICK_STOP_8s,False,0,False,False
2026-03-09T20:25:07.742697+00:00,2026-03-09T20:25:17.660589+00:00,9.9,xMemes,CBVhZ6gztXAmwH8HUPL1p56o7QV9ztuv86UXhY1tKckQ,https://gmgn.ai/sol/token/CBVhZ6gztXAmwH8HUPL1p56o7QV9ztuv86UXhY1tKckQ,0.3,0.293025,-0.006975,-2.33,28.2601,27.9775,QUICK_STOP_8s,False,0,False,False
2026-03-09T20:25:45.365608+00:00,2026-03-09T20:25:53.801813+00:00,8.4,JOE,712Xg6ZS2U8efCN73v3PJ7jSCrnqJs1ssxPxCBDppump,https://gmgn.ai/sol/token/712Xg6ZS2U8efCN73v3PJ7jSCrnqJs1ssxPxCBDppump,0.3,0.295995,-0.004005,-1.33,32.3232,32.3232,QUICK_STOP_8s,False,0,False,False
2026-03-09T20:25:45.365840+00:00,2026-03-09T20:25:53.803587+00:00,8.4,JOE,Hrdo4D47RuZBVYxWD8YVYtJcJ2zEGNeb6BknNbpgpump,https://gmgn.ai/sol/token/Hrdo4D47RuZBVYxWD8YVYtJcJ2zEGNeb6BknNbpgpump,0.3,0.295995,-0.004005,-1.33,33.2959,33.2959,QUICK_STOP_8s,False,0,False,False
2026-03-09T20:25:56.156215+00:00,2026-03-09T20:26:05.808191+00:00,9.7,xMemes,D7jrJwdSJ1MisaKzWpWyztyekgsV7XouSh85qXtMpump,https://gmgn.ai/sol/token/D7jrJwdSJ1MisaKzWpWyztyekgsV7XouSh85qXtMpump,0.3,0.293025,-0.006975,-2.33,28.3983,28.1143,QUICK_STOP_8s,False,0,False,False
2026-03-09T20:28:02.723207+00:00,2026-03-09T20:28:11.896166+00:00,9.2,Joe,4mwc4ubehZg6a4ZrgrksxewyS7LQvjsxeAEm2SPBpump,https://gmgn.ai/sol/token/4mwc4ubehZg6a4ZrgrksxewyS7LQvjsxeAEm2SPBpump,0.3,0.295995,-0.004005,-1.33,35.3535,35.3535,QUICK_STOP_8s,False,0,False,False
2026-03-09T20:28:02.723575+00:00,2026-03-09T20:28:11.905831+00:00,9.2,Joe,HdD79PoYe1Qw2M4wqN1dSuMYkgj3NtnnkwQ5RG6Xpump,https://gmgn.ai/sol/token/HdD79PoYe1Qw2M4wqN1dSuMYkgj3NtnnkwQ5RG6Xpump,0.3,0.295995,-0.004005,-1.33,30.4028,30.4028,QUICK_STOP_8s,False,0,False,False
2026-03-09T20:28:15.824248+00:00,2026-03-09T20:28:23.952468+00:00,8.1,LIFE,7JqSw5312hCTWX7JRXgTVWYULqcFRHg9bXSMyQxv2x7p,https://gmgn.ai/sol/token/7JqSw5312hCTWX7JRXgTVWYULqcFRHg9bXSMyQxv2x7p,0.3,0.295995,-0.004005,-1.33,34.3434,34.3434,QUICK_STOP_8s,False,0,False,False
2026-03-09T20:28:15.824393+00:00,2026-03-09T20:28:23.954981+00:00,8.1,LIFE,8Tcgh9MF3F2xh3JxPYT5jd14yg3zYQfxngvzqRdEpump,https://gmgn.ai/sol/token/8Tcgh9MF3F2xh3JxPYT5jd14yg3zYQfxngvzqRdEpump,0.3,0.295995,-0.004005,-1.33,31.3007,31.3007,QUICK_STOP_8s,False,0,False,False
2026-03-09T20:28:34.952230+00:00,2026-03-09T20:28:43.982606+00:00,9.0,STEVIE,5JaXGvudwptykQoki5YGKkGq4F3iFDSmXha5cJ6Lpump,https://gmgn.ai/sol/token/5JaXGvudwptykQoki5YGKkGq4F3iFDSmXha5cJ6Lpump,0.3,0.295995,-0.004005,-1.33,33.2955,33.2955,QUICK_STOP_8s,False,0,False,False
2026-03-09T20:28:34.952502+00:00,2026-03-09T20:28:43.986787+00:00,9.0,STEVIE,4d8rg45vfX7oGXmf1GfvAwbDL7TUDcxsRU8d9qXZpump,https://gmgn.ai/sol/token/4d8rg45vfX7oGXmf1GfvAwbDL7TUDcxsRU8d9qXZpump,0.3,0.295995,-0.004005,-1.33,36.2888,36.2888,QUICK_STOP_8s,False,0,False,False
2026-03-09T20:29:06.947162+00:00,2026-03-09T20:29:16.018471+00:00,9.1,STEVIE,46pPHX8BzWktnEmqW2rrVfPg7uUFuUKTizgiNzp4pump,https://gmgn.ai/sol/token/46pPHX8BzWktnEmqW2rrVfPg7uUFuUKTizgiNzp4pump,0.3,0.295995,-0.004005,-1.33,30.8018,30.8018,QUICK_STOP_8s,False,0,False,False
2026-03-09T20:29:06.947498+00:00,2026-03-09T20:29:16.027424+00:00,9.1,Stevie,AZW59MR1Zm9r2JALM3pvpGhXeZA3PnWEUSySri4ypump,https://gmgn.ai/sol/token/AZW59MR1Zm9r2JALM3pvpGhXeZA3PnWEUSySri4ypump,0.3,0.295995,-0.004005,-1.34,32.2983,32.2983,QUICK_STOP_8s,False,0,False,False
2026-03-09T20:30:37.216779+00:00,2026-03-09T20:30:46.095140+00:00,8.9,SOIL,HgDHKGvXSDi1trVdLmqQb7kuyRKY96qxWLhgSsNvpump,https://gmgn.ai/sol/token/HgDHKGvXSDi1trVdLmqQb7kuyRKY96qxWLhgSsNvpump,0.3,0.295995,-0.004005,-1.33,31.3007,31.3007,QUICK_STOP_8s,False,0,False,False
2026-03-09T20:30:37.216894+00:00,2026-03-09T20:30:46.097038+00:00,8.9,SOIL,HpUaXmv6UwsuADijsqccZ6Jh7XrkveM2H99A1KMspump,https://gmgn.ai/sol/token/HpUaXmv6UwsuADijsqccZ6Jh7XrkveM2H99A1KMspump,0.3,0.295995,-0.004005,-1.33,31.3007,31.3007,QUICK_STOP_8s,False,0,False,False
2026-03-09T20:31:51.727397+00:00,2026-03-09T20:32:00.127314+00:00,8.4,KAALOS,ABxwU7cc6hULZxG46oRAmQeB33zo7fVyxMXmhw3BsXMy,https://gmgn.ai/sol/token/ABxwU7cc6hULZxG46oRAmQeB33zo7fVyxMXmhw3BsXMy,0.3,0.293025,-0.006975,-2.33,31.2527,30.9402,QUICK_STOP_8s,False,0,False,False
2026-03-09T20:31:51.727512+00:00,2026-03-09T20:32:00.133794+00:00,8.4,KAALOS,8img1WmNnrTRdb1B3TrAddRpdAkzQ6TwbcsEKvC2pY2q,https://gmgn.ai/sol/token/8img1WmNnrTRdb1B3TrAddRpdAkzQ6TwbcsEKvC2pY2q,0.3,0.293025,-0.006975,-2.33,28.4297,28.1454,QUICK_STOP_8s,False,0,False,False
2026-03-09T20:32:33.701291+00:00,2026-03-09T20:32:42.172046+00:00,8.5,KAALOS,rG9V19eKiqYg3hrUntfQ3Pxx8ihCf7PLr7MHuCoQ4Hk,https://gmgn.ai/sol/token/rG9V19eKiqYg3hrUntfQ3Pxx8ihCf7PLr7MHuCoQ4Hk,0.3,0.293025,-0.006975,-2.33,28.3344,28.051,QUICK_STOP_8s,False,0,False,False
2026-03-09T20:32:33.701443+00:00,2026-03-09T20:32:42.173156+00:00,8.5,KAALOS,EWJunFbwqecZYnjQenst1JajbwRaU6mw2E93sb4K9cxG,https://gmgn.ai/sol/token/EWJunFbwqecZYnjQenst1JajbwRaU6mw2E93sb4K9cxG,0.3,0.293025,-0.006975,-2.33,32.8902,32.5613,QUICK_STOP_8s,False,0,False,False
2026-03-09T20:32:43.471821+00:00,2026-03-09T20:32:52.198586+00:00,8.7,JOE,HgSuVE9HP2qYp1TUcooeLKJ9ykwXmTYVWTPTQq7npump,https://gmgn.ai/sol/token/HgSuVE9HP2qYp1TUcooeLKJ9ykwXmTYVWTPTQq7npump,0.3,0.295995,-0.004005,-1.33,30.8018,30.8018,QUICK_STOP_8s,False,0,False,False
2026-03-09T20:32:43.472079+00:00,2026-03-09T20:32:52.203002+00:00,8.7,joe,EvSmRsFJ1Z8EPAnX3FUXgXxNh66w9XYS25RTksC2pump,https://gmgn.ai/sol/token/EvSmRsFJ1Z8EPAnX3FUXgXxNh66w9XYS25RTksC2pump,0.3,0.295995,-0.004005,-1.33,30.8018,30.8018,QUICK_STOP_8s,False,0,False,False
2026-03-09T20:33:27.725438+00:00,2026-03-09T20:33:36.242888+00:00,8.5,PW,pwJFoQvUTjJ9jmbUxE9cuMmq2o6cHbcZ8ZRsXoUatsy,https://gmgn.ai/sol/token/pwJFoQvUTjJ9jmbUxE9cuMmq2o6cHbcZ8ZRsXoUatsy,0.3,0.293025,-0.006975,-2.33,28.6408,28.3544,QUICK_STOP_8s,False,0,False,False
2026-03-09T20:33:41.299111+00:00,2026-03-09T20:33:50.264938+00:00,9.0,SOIL,5Hfi9yWmKVAi8LZaXCv2eCNqBefNFCHEHejV1GAtpump,https://gmgn.ai/sol/token/5Hfi9yWmKVAi8LZaXCv2eCNqBefNFCHEHejV1GAtpump,0.3,0.295995,-0.004005,-1.33,31.3007,31.3007,QUICK_STOP_8s,False,0,False,False
2026-03-09T20:33:49.366517+00:00,2026-03-09T20:33:58.283255+00:00,8.9,Jonathan,7cz3jNdrYd1kUPeCuP3MqEwpF67vFcYgFnSmCfenpump,https://gmgn.ai/sol/token/7cz3jNdrYd1kUPeCuP3MqEwpF67vFcYgFnSmCfenpump,0.3,0.295995,-0.004005,-1.33,30.8018,30.8018,QUICK_STOP_8s,False,0,False,False
